plotID;treeID;sampling_date;Species;N;C;CN;Al;Ca;Fe;K;Mg;Mn;Na;P;Si
KBPL1;1008;22.12.2018;Neoboutonia Macrocalyx ;4.150;50.180;12.090;40.750;8703.870;75.940;17685.580;4106.510;61.130;213.010;2196.800;407.500
KBPL1;1015;22.12.2018;Neoboutonia Macrocalyx;3.900;47.730;12.240;316.260;6360.600;818.290;16294.750;2954.510;142.960;147.600;3191.470;498.600
KBPL1;1017;22.12.2018;Neoboutonia Macrocalyx;3.610;47.840;13.250;420.210;7767.300;719.020;13736.110;3834.160;253.990;61.630;2526.850;588.290
KBPL1;1023;22.12.2018;Allophylus Kivuensis;3.750;48.130;12.840;466.440;5698.030;848.920;10526.610;3033.720;722.050;29.850;3455.390;615.700
KBPL1;1024;22.12.2018;Allophylus Kivuensis;4.520;46.490;10.280;389.670;5899.930;1034.710;28754.370;3510.830;875.820;37.830;3446.510;552.350
KBPL1;1041;22.12.2018;Agauria Salicifolia;2.660;46.020;17.310;303.210;11244.820;692.040;4807.340;1771.470;2219.330;67.980;1786.190;1481.440
KBPL1;1062;22.12.2018;Dombeya Goetzenii;3.450;44.700;12.960;1058.330;10074.100;976.630;23499.900;7070.110;3988.220;41.800;2211.670;478.810
KBPL1;1063;22.12.2018;Dombeya Goetzenii;3.490;46.470;13.320;780.560;6878.770;792.060;21529.580;5538.930;2828.680;35.600;2080.060;421.950
KBPL1;1075;22.12.2018;Allophylus Kivuensis;3.560;49.200;13.840;334.070;4745.760;905.920;11940.060;2291.330;548.270;27.510;2515.350;495.210
KBPL4;1088;22.12.2018;Neoboutonia Macrocalyx;3.940;48.720;12.350;424.870;5390.110;845.890;13856.700;2869.830;206.640;46.350;2682.500;614.140
KBPL4;1091;22.12.2018;Tabernaemontana Johnstonii;3.020;47.140;15.620;468.350;5170.700;442.020;18077.680;4017.680;2281.580;22.570;1894.100;250.160
KBPL4;1092;22.12.2018;Tabernaemontana Johnstonii;3.190;48.750;15.300;486.850;3553.050;439.120;16171.070;3904.350;2000.860;15.270;1769.840;242.470
KBPL4;1095;22.12.2018;Myrianthus Holstii;2.170;41.130;18.970;263.520;7503.730;525.130;5630.200;3106.520;734.790;32.700;932.920;2960.330
KBPL4;1096;22.12.2018;Myrianthus Holstii;2.230;43.320;19.450;237.060;7311.380;526.810;3256.820;3896.520;754.470;35.750;929.440;2824.080
KBPL4;1097;22.12.2018;Myrianthus Holstii;2.690;45.480;16.920;285.730;3253.360;504.460;9444.800;2421.790;228.580;17.730;1004.980;2138.040
KBPL4;1126;22.12.2018;Allophylus Kivuensis;4.610;46.250;10.040;226.310;5146.200;735.990;21358.820;3465.030;1403.510;22.820;4347.450;528.690
KBPL4;1127;22.12.2018;Allophylus Kivuensis;4.620;46.940;10.160;341.860;7023.580;585.780;17600.230;4169.590;1745.810;40.330;3522.350;5131.800
KBPL4;1128;22.12.2018;Allophylus Kivuensis;4.480;46.250;10.310;188.980;8564.680;489.460;16800.530;4665.970;1999.430;39.690;3605.780;655.770
KBPL4;1139;22.12.2018;Macaranga Spinosa;2.520;47.330;18.810;219.790;4502.800;495.990;8110.870;1781.670;1526.870;27.230;1260.390;1155.360
KBPL4;1140;22.12.2018;Macaranga Kilimandsharica;2.470;48.290;19.540;102.510;4759.920;419.710;8100.190;2086.940;1972.830;29.010;1259.130;738.840
KBPL4;1142;22.12.2018;Agauria Salicifolia;3.270;48.760;14.910;140.570;3300.440;321.570;15146.580;2537.910;261.880;23.110;1875.510;161.750
KBPL4;1158;22.12.2018;Neoboutonia Macrocalyx;3.350;46.440;13.860;384.820;10018.400;530.620;15018.590;3850.120;1042.620;88.770;2146.410;530.140
KBPL4;1159;22.12.2018;Neoboutonia Macrocalyx;4.080;48.190;11.810;177.950;5994.200;386.850;15738.880;2976.790;558.990;52.220;2415.860;574.470
KBPL4;1160;22.12.2018;Tabernaemontana Johnstonii;3.120;45.820;14.660;653.020;6302.550;569.150;18751.870;5072.390;3936.100;33.950;1839.240;341.490
KBPL4;1161;22.12.2018;Tabernaemontana Johnstonii;3.150;45.340;14.410;1137.380;9356.030;632.940;11999.040;7758.330;7108.130;30.690;1572.760;448.810
KBPL5;1186;22.12.2018;Neoboutonia Macrocalyx;3.830;48.290;12.620;190.910;4623.090;434.230;17612.650;2927.330;183.430;48.660;3078.940;501.610
KBPL5;1187;22.12.2018;Neoboutonia Macrocalyx;3.900;48.980;12.570;186.900;5639.690;379.580;15670.520;3215.800;190.750;57.800;2892.100;508.670
KBPL5;1203;22.12.2018;Tabernaemontana Johnstonii;3.230;46.270;14.320;1314.390;7032.110;478.140;14670.400;7944.380;4231.270;30.010;1750.530;362.110
KBPL5;1204;22.12.2018;Tabernaemontana Johnstonii;3.410;45.390;13.330;1116.480;7766.090;435.980;19965.880;8194.480;2833.850;30.330;1961.900;399.960
KBPL5;1205;22.12.2018;Tabernaemontana Johnstonii;3.540;44.640;12.600;966.790;7530.100;355.990;27227.500;6482.740;2180.900;37.470;2046.000;312.900
KBPL5;1211;22.12.2018;Allophylus Kivuensis;4.180;45.300;10.830;147.400;6470.140;411.560;24171.130;5357.960;727.410;21.060;2787.140;493.870
KBPL5;1218;22.12.2018;Dombeya Goetzenii;3.880;45.540;11.750;310.630;8051.940;534.240;41556.910;3321.620;229.950;34.930;3521.210;366.590
KBPL5;1225;22.12.2018;Allophylus Kivuensis;4.950;46.260;9.340;182.870;3799.040;409.010;22556.290;3533.580;312.650;33.430;3913.090;456.200
KBPL5;1226;22.12.2018;Allophylus Kivuensis;4.280;46.550;10.870;166.970;9211.650;443.980;13283.370;5712.930;707.710;39.840;2331.850;508.490
KBPL5;1252;22.12.2018;Dombeya Goetzenii;3.500;46.170;13.210;481.490;9398.610;782.900;31962.470;3425.430;299.510;41.700;2562.910;420.830
KBPL9;1262;22.12.2018;Neoboutonia Macrocalyx;4.110;46.540;11.310;170.340;8825.820;158.250;12852.820;4787.200;274.330;117.500;2853.540;496.020
KBPL9;1277;22.12.2018;Alangium Chinense;4.030;46.280;11.470;68.120;8443.380;128.460;18042.920;3943.360;68.120;50.610;2855.340;155.710
KBPL9;1278;22.12.2018;Alangium Chinense;4.620;45.930;9.940;83.470;10872.030;141.700;18052.120;4280.100;91.230;67.940;3086.330;236.810
KBPL9;1279;22.12.2018;Alangium Chinense;4.500;46.330;10.310;75.410;11222.460;168.680;16177.810;3965.070;85.330;71.440;2808.100;196.470
KBPL9;1280;22.12.2018;Neoboutonia Macrocalyx;3.670;46.410;12.660;272.430;10264.500;242.570;10966.090;5998.970;313.480;138.080;2492.890;621.360
KBPL9;1294;22.12.2018;Dombeya Goetzenii;4.610;43.000;9.330;235.800;9479.990;318.240;45448.360;4662.350;218.550;57.510;4048.890;383.420
KBPL9;1295;22.12.2018;Myrianthus Holstii;2.640;45.120;17.070;181.110;6369.270;215.420;11764.370;3728.910;156.320;30.500;1687.160;1298.260
KBPL9;1308;22.12.2018;Dombeya Goetzenii;4.420;45.350;10.270;248.820;12578.700;307.260;23136.660;6103.680;363.810;73.520;2999.060;422.240
KBPL9;1320;22.12.2018;Trichylia Volkensii;3.070;47.540;15.480;147.030;4954.540;174.110;6194.620;2754.880;472.040;21.280;1547.690;918.940
KBPL9;1321;22.12.2018;Myrianthus Holstii;2.520;42.860;17.010;450.690;7141.290;584.310;8222.160;3818.930;299.130;41.880;1338.120;1439.820
KBPL9;1349;22.12.2018;Dombeya Goetzenii;3.830;45.350;11.850;327.630;11338.790;433.010;18759.400;5086.940;327.630;55.560;2682.380;494.320
KBPL7;1403;22.12.2018;Dombeya Goetzenii;4.520;44.860;9.920;364.930;13162.160;595.020;22626.740;6888.920;73.890;61.570;2696.210;581.690
KBPL7;1404;22.12.2018;Neoboutonia Macrocalyx;3.310;45.560;13.780;170.540;10912.790;300.390;14525.190;8567.830;56.200;89.150;3172.480;501.940
KBPL7;1405;22.12.2018;Neoboutonia Macrocalyx;3.550;45.400;12.780;152.200;9345.070;254.930;17746.490;7689.890;45.660;76.100;3319.860;481.330
KBPL7;1411;22.12.2018;Dombeya Goetzenii;3.830;41.660;10.880;289.520;16854.190;431.290;36649.530;8262.370;109.820;99.840;3222.680;531.120
KBPL7;1425;22.12.2018;Alangium Chinense;3.820;45.100;11.800;78.730;11211.600;222.730;18323.730;4166.670;28.800;105.610;2839.860;170.890
KBPL7;1426;22.12.2018;Alangium Chinense;4.090;44.840;10.970;88.220;10315.960;172.600;22632.210;4815.650;28.770;88.220;3409.890;195.620
KBPL7;1427;22.12.2018;Alangium Chinense;3.850;44.120;11.460;105.530;11807.700;291.190;22655.850;5849.130;33.220;93.800;3681.840;244.280
KBPL7;1434;22.12.2018;Maesa Lanceolata;3.420;47.890;14.010;159.960;8202.360;331.490;24283.310;5346.180;204.290;44.330;2973.740;256.320
KBPL7;1439;22.12.2018;Maesa Lanceolata;3.110;48.590;15.610;96.610;6465.240;248.150;21380.940;2958.890;73.880;35.990;2424.700;170.490
KBPL7;1442;22.12.2018;Maesa Lanceolata;3.560;47.210;13.250;91.260;6982.520;205.830;29702.910;3337.860;97.090;25.240;2772.820;166.990
KBPL8;1462;22.12.2018;Allophylus Kivuensis;4.340;49.150;11.330;133.020;3171.500;241.330;14069.360;2228.980;535.870;17.100;2445.610;476.960
KBPL8;1463;22.12.2018;Allophylus Kivuensis;4.420;47.240;10.690;123.460;5975.310;214.620;17082.620;3236.470;1094.020;34.190;2471.040;442.550
KBPL8;1464;22.12.2018;Allophylus Kivuensis;4.590;47.700;10.390;134.010;4731.750;235.930;16633.790;3755.960;687.020;24.540;2734.870;385.030
KBPL8;1479;22.12.2018;Maesa Lanceolata;3.380;48.650;14.410;106.780;7587.360;154.450;12958.960;2461.740;450.020;30.510;1739.050;158.270
KBPL8;1480;22.12.2018;Maesa Lanceolata;3.050;48.500;15.890;195.850;7572.230;230.750;23880.160;2210.590;585.610;27.150;1849.910;257.900
KBPL8;1482;22.12.2018;Macaranga Kilimandsharica;3.330;45.110;13.540;322.600;6968.080;385.160;10966.320;3190.770;1161.350;33.240;1616.890;621.730
KBPL8;1483;22.12.2018;Dombeya Goetzenii;4.180;46.270;11.070;176.010;11818.450;284.780;17375.660;4760.210;686.250;47.460;2501.730;444.970
KBPL8;1484;22.12.2018;Dombeya Goetzenii;3.680;44.910;12.210;190.100;9704.950;322.770;17592.080;3948.510;548.510;49.500;2386.140;491.090
KBPL8;1493;22.12.2018;Neoboutonia Macrocalyx;4.150;48.110;11.600;102.300;6515.110;147.770;15582.080;3762.430;301.220;60.620;3000.850;287.960
KBPL8;1494;22.12.2018;Neoboutonia Macrocalyx;4.000;47.660;11.900;192.390;8177.760;185.440;13011.890;4250.630;410.740;70.880;2330.900;386.260
KBPL8;1495;22.12.2018;Macaranga Spinosa;2.510;46.290;18.450;90.070;6285.490;146.860;8780.110;2651.260;1979.640;17.620;1333.460;573.720
KBPL8;1496;22.12.2018;Macaranga Spinosa;2.570;46.100;17.970;184.920;6030.150;211.060;8118.590;2534.670;1559.800;24.120;1318.590;4207.040
KBPL8;1503;22.12.2018;Tabernaemontana Johnstonii;3.630;44.970;12.390;516.060;6027.610;206.800;26041.830;4849.400;2523.360;22.770;1891.570;210.600
KBPL8;1510;22.12.2018;Tabernaemontana Johnstonii;3.430;46.750;13.650;707.950;5551.600;216.370;16810.440;5253.620;2089.680;26.570;1637.960;280.900
KBPL8;1511;22.12.2018;Tabernaemontana Johnstonii;3.530;47.100;13.330;773.830;5663.630;209.620;15523.560;5397.200;2194.140;23.510;1749.440;284.060
KBPL8;1512;22.12.2018;Tabernaemontana Johnstonii;3.760;44.560;11.860;693.050;6806.950;175.680;25990.350;5200.770;2704.630;28.960;2104.250;216.220
KBPL11;1755;22.12.2018;Dombeya Goetzenii;4.250;45.770;10.780;103.020;11904.900;186.230;24166.420;3587.910;71.320;29.720;3574.050;404.160
KBPL11;1759;22.12.2018;Dombeya Goetzenii;3.790;44.670;11.790;140.930;16486.810;215.420;24207.770;3138.720;116.770;36.240;3676.260;414.740
KBPL11;1764;22.12.2018;Maesa Lanceolata;3.290;48.700;14.810;108.840;8868.370;180.750;24268.990;2272.000;71.910;27.210;2926.970;153.540
KBPL11;1765;22.12.2018;Neoboutonia Macrocalyx;4.040;45.320;11.210;98.490;12494.210;161.520;23830.210;4357.120;61.060;51.210;4156.200;254.100
KBPL11;1766;22.12.2018;Maesa Lanceolata;3.170;47.250;14.920;149.880;8885.900;301.570;24702.110;2324.510;119.590;26.360;3038.710;225.850
KBPL11;1768;22.12.2018;Maesa Lanceolata;3.050;47.490;15.580;159.170;11835.530;236.710;22597.690;2877.260;114.270;38.770;2779.310;232.630
KBPL11;1770;22.12.2018;Cassipourea Ruwensorensis;2.140;46.140;21.560;186.490;14311.930;212.560;9058.000;2221.890;12.030;40.110;2358.250;242.640
KBPL11;1789;22.12.2018;Maesa Lanceolata;3.190;48.280;15.150;137.850;6700.320;166.970;20846.520;1704.690;85.430;21.360;2988.060;157.270
KBPL11;1790;22.12.2018;Cassipourea Ruwensorensis;2.550;45.900;18.000;144.980;12876.470;214.580;10003.870;2375.800;13.530;34.800;3143.240;199.110
KBPL11;1791;22.12.2018;Cassipourea Ruwensorensis;1.600;48.670;30.500;228.320;5277.860;247.190;7459.190;2821.020;179.260;22.640;1786.960;443.440
KBPL11;1793;22.12.2018;Neoboutonia Macrocalyx;3.070;46.180;15.060;147.960;11721.070;181.950;13732.570;3615.100;35.990;57.990;2875.280;379.910
KBPL11;1795;22.12.2018;Xymalos Monospora;2.700;43.390;16.050;459.030;9329.580;221.460;20658.350;5921.080;120.800;24.160;2393.800;1117.370
KBPL11;1798;22.12.2018;Xymalos Monospora;2.580;41.710;16.150;1095.270;13984.860;300.860;16637.500;5287.580;306.750;74.720;2062.730;1482.650
KBPL12;1816;22.12.2018;Cassipourea Ruwensorensis;2.010;46.380;23.040;162.690;6621.260;194.050;8761.700;4002.550;548.830;33.320;1185.870;276.380
KBPL12;1818;22.12.2018;Cassipourea Ruwensorensis;1.630;48.450;29.670;113.580;6624.000;154.000;7245.780;2727.750;598.680;32.730;1145.390;221.380
KBPL12;1821;22.12.2018;Cassipourea Ruwensorensis;2.250;46.460;20.690;244.920;9533.070;278.570;6887.590;4023.370;448.700;37.390;1293.760;329.050
KBPL12;1822;22.12.2018;Agauria Salicifolia;1.730;50.440;29.160;214.030;4900.260;180.240;6627.550;2213.560;820.460;30.040;856.140;390.520
KBPL12;1826;22.12.2018;Neoboutonia Macrocalyx;3.660;47.630;13.000;214.000;8784.000;268.000;15734.000;3678.000;166.000;70.000;2974.000;630.000
KBPL12;1827;22.12.2018;Neoboutonia Macrocalyx;3.450;48.110;13.960;241.280;8987.150;199.580;11291.700;4767.610;227.910;61.490;2889.470;520.750
KBPL12;1829;22.12.2018;Dombeya Goetzenii;4.390;47.300;10.770;96.300;9058.210;154.840;17049.520;3476.370;158.620;33.990;2552.990;347.450
KBPL12;1830;22.12.2018;Dombeya Goetzenii;4.450;46.330;10.410;147.930;9492.800;228.630;23683.000;3586.940;153.700;36.500;3195.000;443.800
KBPL12;1840;22.12.2018;Neoboutonia Macrocalyx;3.550;47.530;13.400;192.150;9390.920;184.680;15000.470;3837.330;214.530;76.490;2775.860;544.730
KBPL12;1845;22.12.2018;Dombeya Goetzenii;4.150;46.310;11.160;98.550;7808.320;187.430;24505.100;3122.550;204.820;36.710;3362.160;351.670
KBPL6;1887;22.12.2018;Allophylus Kivuensis;4.340;47.620;10.990;130.480;7915.660;336.600;18450.340;4071.290;181.530;39.710;2925.350;3154.160
KBPL6;1893;22.12.2018;Macaranga Kilimandsharica;2.350;47.160;20.060;136.720;5892.580;332.030;5248.050;3623.050;412.110;52.730;1320.310;958.980
KBPL6;1896;22.12.2018;Allophylus Kivuensis;3.300;47.030;14.270;194.410;6914.760;377.380;11868.300;5571.070;360.220;60.990;2159.430;493.640
KBPL6;1898;22.12.2018;Allophylus Kivuensis;4.220;44.520;10.560;291.250;13625.230;511.140;22675.280;8810.880;457.130;79.080;3327.230;578.650
KBPL6;1900;22.12.2018;Alangium Chinense;3.680;45.860;12.480;143.170;7315.070;330.250;21448.890;2827.150;32.450;53.450;3199.390;284.430
KBPL6;1909;22.12.2018;Neoboutonia Macrocalyx;4.110;47.240;11.490;156.980;7998.010;353.700;14702.430;5404.870;81.470;99.350;2837.560;431.200
KBPL6;1914;22.12.2018;Neoboutonia Macrocalyx;4.010;44.450;11.080;188.390;13287.490;290.130;12516.960;8975.130;135.640;275.060;3669.930;482.290
KBPL6;1923;22.12.2018;Dombeya Goetzenii;4.320;44.740;10.350;165.550;12491.970;311.620;25190.380;5196.220;105.170;52.590;3067.480;687.510
KBPL6;1924;22.12.2018;Dombeya Goetzenii;4.490;44.970;10.020;479.940;11492.920;544.850;23377.260;5550.750;112.120;59.010;2810.780;3406.770
KBPL6;1926;22.12.2018;Allophylus Kivuensis;3.810;46.570;12.230;252.700;10975.400;484.350;7349.480;7433.710;260.360;74.660;2724.230;606.870
KBPL6;1947;22.12.2018;Dombeya Goetzenii;4.260;43.040;10.090;368.330;18689.960;717.680;32616.290;5323.710;208.850;96.830;3601.670;601.860
KBPL6;1950;22.12.2018;Macaranga Kilimandsharica;2.480;45.120;18.170;353.210;7019.880;445.680;3715.210;5035.600;582.520;59.180;1379.570;5664.360
KBPL6;1951;22.12.2018;Macaranga Kilimandsharica;2.130;43.890;20.560;317.170;10363.380;428.080;3658.120;6030.060;1251.160;68.100;1422.390;1241.430
KBPL6;1954;22.12.2018;Dombeya Goetzenii;4.070;44.020;10.810;251.110;17784.020;451.630;22967.440;6708.830;131.180;56.220;3406.890;595.920
KBPL10;1960;22.12.2018;Alangium Chinense;2.970;43.600;14.660;115.600;13881.950;190.060;22871.420;3816.800;35.270;60.740;3362.230;256.670
KBPL10;1961;22.12.2018;Alangium Chinense;3.340;46.110;13.820;59.630;11623.950;121.180;12747.300;3316.180;32.700;63.480;2331.330;207.740
KBPL10;1963;22.12.2018;Alangium Chinense;3.300;45.800;13.890;84.150;12125.240;148.730;14913.890;3485.320;31.310;66.540;2861.060;209.390
KBPL10;1969;22.12.2018;Neoboutonia Macrocalyx;4.190;46.780;11.170;95.090;12674.350;160.880;15390.340;5145.170;51.450;69.700;2762.080;318.230
KBPL10;1971;22.12.2018;Dombeya Goetzenii;4.570;45.300;9.920;130.150;10794.180;214.940;28797.630;3226.030;55.210;53.240;3334.480;368.750
KBPL10;1976;22.12.2018;Neoboutonia Macrocalyx;3.500;46.260;13.230;91.570;13106.030;140.280;17594.860;3935.510;109.100;62.340;3647.170;377.970
KBPL10;1985;22.12.2018;Neoboutonia Macrocalyx;3.810;47.530;12.480;84.310;9574.510;145.100;14321.570;4082.350;66.670;60.780;2972.550;258.820
NPL1;1998;22.12.2018;Cleistanthus Polystachyus;2.000;49.930;24.960;176.130;2913.890;178.080;5452.050;1322.900;639.920;15.660;1045.010;1168.300
NPL1;2009;22.12.2018;Cleistanthus Polystachyus;1.790;48.730;27.230;97.590;2266.840;164.680;3110.550;841.680;408.640;14.230;737.990;585.510
NPL1;2011;22.12.2018;Syzygium Guineense;1.820;50.230;27.550;799.380;4257.580;295.420;4143.660;2079.550;382.310;32.820;876.620;498.170
NPL1;2026;22.12.2018;Carapa Grandiflora;1.970;48.610;24.620;180.170;4972.740;223.790;7409.800;2493.950;385.000;24.660;733.960;305.340
NPL1;2029;22.12.2018;Carapa Grandiflora;1.970;49.370;25.000;159.730;3876.950;218.890;4291.070;962.330;609.350;15.780;970.220;2443.310
NPL1;2034;22.12.2018;Syzygium Guineense;1.690;46.430;27.460;281.360;10840.170;252.050;5250.100;2708.090;209.070;25.400;930.050;457.210
NPL1;2038;22.12.2018;Syzygium Guineense;1.950;51.050;26.160;244.220;5306.970;240.350;4884.430;2314.290;746.230;15.510;693.900;397.340
NPL1;2044;22.12.2018;Carapa Grandiflora;1.800;48.920;27.170;97.440;7931.400;144.210;11860.080;4421.710;56.510;60.410;841.860;148.100
NPL1;2048;22.12.2018;Cleistanthus Polystachyus;1.900;50.150;26.380;136.470;12616.360;295.350;19916.490;3505.450;59.070;142.580;1761.890;1042.880
NPL7;2051;15.01.2019;Cleistanthus Polystachyus;2.220;47.920;21.550;67.560;3816.350;110.560;4987.460;1064.650;646.980;18.430;964.320;550.750
NPL7;2054;15.01.2019;Pentadesma Reindersii;-9999.000;-9999.000;-9999.000;167.020;4129.840;212.760;7195.900;1743.800;178.950;21.870;884.820;2209.080
NPL7;2063;15.01.2019;Cleistanthus Polystachyus;2.024;48.973;24.202;144.900;4543.370;181.120;4953.290;1622.500;59.100;17.160;922.780;877.030
NPL7;2075;15.01.2019;Ocotea Usambarensis;2.082;50.990;24.494;260.280;3999.600;230.480;5324.860;1559.710;443.080;17.880;985.500;351.680
NPL7;2076;15.01.2019;Pentadesma Reindersii;1.799;49.450;27.484;224.450;3970.400;255.410;4765.640;2312.190;963.580;27.090;801.040;334.740
NPL7;2077;15.01.2019;Cleistanthus Polystachyus;1.332;45.419;34.098;124.370;3434.300;174.520;7652.960;1358.070;948.850;16.050;1107.320;1113.340
NPL7;2085;15.01.2019;Cleistanthus Polystachyus;2.109;48.367;22.937;78.760;12458.700;461.010;14583.170;2354.980;24.970;34.580;1546.290;3309.640
NPL10;2125;22.12.2018;Cleistanthus Polystachyus;-9999.000;-9999.000;-9999.000;144.350;20118.990;212.620;4905.880;1660.000;152.150;550.080;825.120;1068.960
NPL10;2131;22.12.2018;Carapa Grandiflora;2.030;48.377;23.832;864.790;4134.210;261.630;6514.880;2524.470;459.360;17.970;784.900;385.460
NPL10;2133;22.12.2018;Melchiora Schliebenii ;1.701;48.889;28.747;128.900;5619.340;145.020;7546.830;3154.080;364.550;24.170;769.390;239.680
NPL10;2145;22.12.2018;Melchiora Schliebenii ;1.467;48.931;33.350;272.290;3062.810;139.040;6712.690;2257.520;461.550;13.520;589.000;142.910
NPL10;2160;22.12.2018;Melchiora Schliebenii ;1.713;49.350;28.804;1049.820;4737.050;225.390;8011.070;3078.290;604.980;19.770;945.040;310.400
NPL10;2161;22.12.2018;Carapa Grandiflora;2.111;48.398;22.924;210.980;3497.270;368.730;11862.200;1961.510;374.440;19.010;2056.550;306.010
NPL10;2165;22.12.2018;Carapa Grandiflora;1.643;49.228;29.956;256.120;2797.260;266.120;7639.440;1086.490;78.040;18.010;802.360;624.280
NPL10;2180;22.12.2018;Syzygium Guineense;1.586;53.772;33.905;109.450;4718.170;111.440;6974.780;2608.830;435.800;19.900;676.580;169.150
NPL10;2189;22.12.2018;Syzygium Guineense;1.479;48.116;32.531;131.480;6534.540;204.080;6620.880;1964.290;153.060;23.550;1081.240;949.760
NPL11;2214;22.12.2018;Syzygium Guineense;1.483;48.310;32.583;298.970;5123.280;335.860;5820.230;2185.980;429.040;29.120;704.720;427.100
NPL11;2215;22.12.2018;Carapa Grandiflora;1.889;48.756;25.806;192.850;2079.630;274.370;8270.790;2117.400;180.920;13.920;721.710;324.070
NPL11;2218;22.12.2018;Syzygium Guineense;1.663;48.468;29.153;230.940;3458.090;314.550;10758.510;2631.890;412.100;23.890;875.970;374.280
NPL11;2219;22.12.2018;Carapa Grandiflora;2.023;49.201;24.317;101.990;2492.770;158.860;7401.810;1514.100;78.450;13.730;996.320;1204.220
NPL11;2224;15.01.2019;Melchiora Schliebenii ;1.946;49.234;25.306;720.350;3701.850;235.540;6689.240;2506.500;327.790;13.740;948.030;300.310
NPL11;2238;15.01.2019;Melchiora Schliebenii ;1.566;49.598;31.675;235.430;4212.280;294.290;8899.350;2470.080;133.410;19.620;1063.370;541.490
NPL11;2243;15.01.2019;Symphonia Globulifera;2.028;48.060;23.699;477.230;7291.850;497.450;5475.960;3431.580;780.550;34.380;845.260;446.890
NPL11;2252;15.01.2019;Chionanthus Africanus ;-9999.000;-9999.000;-9999.000;138.770;3378.630;225.500;7790.310;1220.010;206.230;21.200;582.060;963.670
NPL11;2260;15.01.2019;Chionanthus Africanus ;2.586;47.667;18.432;138.050;4023.270;205.110;12622.030;1893.300;35.500;29.580;1195.150;349.080
NPL11;2264;15.01.2019;Chionanthus Africanus ;2.203;46.844;21.265;137.870;4837.400;309.710;10827.710;2104.000;25.980;29.970;1430.640;415.610
NPL11;2285;15.01.2019;Syzygium Guineense;1.588;47.941;30.192;74.260;14112.720;110.430;13250.190;2239.150;66.640;230.390;1894.520;344.630
NPL11;2295;15.01.2019;Melchiora Schliebenii ;1.677;49.655;29.609;1662.430;4145.340;378.980;5475.680;2920.490;529.400;21.490;683.730;390.700
NPL12;2310;15.01.2019;Syzygium Guineense;1.331;48.158;36.193;193.250;3628.730;236.190;8262.740;2330.670;189.340;11.710;708.570;339.640
NPL12;2311;15.01.2019;Syzygium Guineense;1.318;46.926;35.613;237.150;7851.150;217.870;3532.250;3952.570;686.400;25.070;678.690;372.120
NPL12;2317;15.01.2019;Ixora Burundiensis;-9999.000;-9999.000;-9999.000;215.040;4836.440;225.190;7031.500;2282.290;213.010;36.520;588.320;377.340
NPL12;2325;15.01.2019;Ixora Burundiensis;1.757;48.104;27.382;79.110;2819.470;123.730;6553.750;1253.550;58.820;12.170;876.270;709.940
NPL12;2327;15.01.2019;Ixora Burundiensis;1.910;48.840;25.570;142.140;4652.320;180.560;10186.320;2105.260;34.580;24.970;1025.740;249.710
NPL12;2336;15.01.2019;Syzygium Guineense;1.493;48.650;32.592;25.470;722.470;20.970;487.920;291.580;88.180;2.550;69.950;39.390
NPL12;2354;15.01.2019;Chionanthus Africanus ;-9999.000;-9999.000;-9999.000;128.520;4842.920;177.480;10412.080;1752.350;26.520;20.400;1393.310;391.680
NPL12;2355;15.01.2019;Carapa Grandiflora;1.931;49.302;25.537;142.830;2608.610;222.180;4171.790;1212.060;297.560;15.870;972.030;1077.170
NPL12;2356;15.01.2019;Chionanthus Africanus ;2.167;46.740;21.570;128.510;6252.230;218.270;11045.950;2713.040;28.560;22.440;1399.360;375.340
NPL12;2362;15.01.2019;Chionanthus Africanus ;1.923;47.067;24.474;438.760;9405.250;410.590;8145.320;2570.190;36.230;44.280;1062.690;565.560
NPL12;2366;15.01.2019;Carapa Grandiflora;1.590;45.531;28.630;148.490;2233.120;192.280;6596.540;2023.700;462.610;11.420;877.640;236.070
NPL8;2396;15.01.2019;Pentadesma Reindersii;2.161;46.952;21.724;972.200;3970.650;385.290;5609.620;2695.010;828.470;13.970;782.550;497.080
NPL8;2442;15.01.2019;Cleistanthus Polystachyus;2.805;46.767;16.673;146.270;4826.930;180.330;9832.190;2885.340;939.740;28.050;851.580;1556.880
NPL8;2443;15.01.2019;Cleistanthus Polystachyus;1.755;47.297;26.954;204.000;4536.000;318.000;4322.000;1396.000;798.000;20.000;806.000;752.000
NPL8;2444;15.01.2019;Cleistanthus Polystachyus;2.171;47.973;22.092;273.410;4154.680;395.770;4206.300;1259.980;890.970;19.120;965.540;682.570
NPL8;2464;15.01.2019;Cleistanthus Polystachyus;1.912;50.750;26.537;157.850;2289.550;244.600;5754.960;1341.690;213.940;14.350;807.550;270.120
NPL4;2472;15.01.2019;Carapa Grandiflora;1.880;49.019;26.068;127.850;3672.120;180.950;8144.760;2171.410;92.440;15.730;1113.240;645.130
NPL4;2474;15.01.2019;Cleistanthus Polystachyus;1.993;48.138;24.153;102.200;3392.300;143.470;5980.740;1338.440;406.840;17.690;839.230;290.880
NPL4;2478;15.01.2019;Cleistanthus Polystachyus;2.400;48.935;20.387;323.740;3137.290;382.600;5262.180;1671.650;627.850;31.390;1112.470;612.150
NPL4;2479;15.01.2019;Syzygium Guineense;2.028;48.170;23.751;383.260;5657.550;375.320;9245.890;1971.900;393.190;25.820;1064.390;417.020
NPL4;2480;15.01.2019;Pentadesma Reindersii;1.790;49.136;27.457;563.150;3316.340;617.650;6231.010;2539.230;316.900;24.220;815.460;532.880
NPL4;2483;15.01.2019;Syzygium Guineense;1.664;49.843;29.962;330.480;4120.910;298.240;4187.410;1575.820;372.800;20.150;673.050;405.040
NPL4;2486;15.01.2019;Cleistanthus Polystachyus;2.110;48.659;23.060;159.850;1261.270;226.130;4573.320;1079.970;116.960;21.440;963.010;549.730
NPL4;2496;15.01.2019;Pentadesma Reindersii;1.789;48.305;27.007;196.120;3484.090;238.140;5803.480;1400.840;324.190;26.020;662.400;288.170
NPL4;2497;15.01.2019;Melchiora Schliebenii ;-9999.000;-9999.000;-9999.000;935.190;5229.680;245.900;6434.000;1922.650;358.200;54.210;3587.780;445.330
NPL4;2505;15.01.2019;Syzygium Guineense;1.433;42.835;29.901;201.910;3768.300;257.880;4278.070;1649.260;247.890;17.990;839.620;391.820
NPL4;2523;15.01.2019;Melchiora Schliebenii ;1.709;49.440;28.926;841.110;5084.160;298.140;4817.610;3267.680;639.720;37.510;1891.510;426.480
NPL4;2535;15.01.2019;Carapa Grandiflora;1.903;49.151;25.829;272.430;4489.200;324.970;15713.170;2084.060;50.590;19.460;1924.500;414.480
NPL4;2537;15.01.2019;Carapa Grandiflora;1.930;49.199;25.488;59.770;2454.670;97.630;9025.700;1595.940;71.730;15.940;1107.790;749.150
NPL5;2547;15.01.2019;Cleistanthus Polystachyus;1.794;47.362;26.401;97.460;6434.610;190.950;11651.910;1812.030;49.730;59.670;958.730;192.940
NPL5;2548;15.01.2019;Pentadesma Reindersii;1.557;50.055;32.151;908.030;3766.010;195.960;6257.280;1980.990;413.270;31.040;675.200;343.420
NPL5;2550;15.01.2019;Syzygium Guineense;1.876;124.098;66.147;251.110;5565.010;220.740;4785.340;2170.920;419.200;40.500;820.170;425.270
NPL5;2574;15.01.2019;Melchiora Schliebenii ;1.808;45.360;25.085;102.010;2382.170;192.690;7286.290;2319.830;612.070;11.330;793.430;207.800
NPL5;2605;15.01.2019;Cleistanthus Polystachyus;1.895;49.145;25.941;242.380;14889.530;363.570;3540.600;6646.780;637.640;83.900;963.920;374.760
NPL5;2606;15.01.2019;Melchiora Schliebenii ;1.721;50.342;29.244;808.710;4010.350;279.340;5410.950;1752.210;314.500;23.440;666.110;347.710
NPL5;2607;15.01.2019;Cleistanthus Polystachyus;1.882;48.696;25.872;175.450;15847.440;293.680;6466.750;3873.180;1634.330;116.330;886.770;396.660
NPL5;2610;15.01.2019;Cleistanthus Polystachyus;1.835;48.296;26.326;194.960;2162.110;270.990;3117.410;1004.050;280.740;13.650;793.490;434.760
NPL5;2646;15.01.2019;Pentadesma Reindersii;1.718;45.478;26.477;95.190;3273.760;160.520;6861.090;1541.690;87.720;14.930;813.770;621.530
NPL5;2648;15.01.2019;Cleistanthus Polystachyus;1.594;48.642;30.514;177.920;6404.950;146.970;6449.430;2873.720;450.590;23.210;750.340;469.930
NPL5;2650;15.01.2019;Syzygium Guineense;1.472;48.103;32.682;252.590;6038.480;264.430;11690.180;2443.020;45.390;27.630;1055.750;416.380
NPL2;2662;15.01.2019;Sericanthe Leonardii;-9999.000;-9999.000;-9999.000;205.650;16038.690;258.590;10294.730;372.610;46.830;91.630;1005.850;2343.600
NPL2;2673;15.01.2019;Syzygium Guineense;1.971;48.063;24.387;1253.780;3656.200;142.840;7312.400;2406.390;468.180;13.890;666.570;142.840
NPL2;2685;15.01.2019;Cleistanthus Polystachyus;1.996;48.924;24.508;141.820;4404.270;187.760;5812.440;2848.300;93.880;17.980;1224.410;457.410
NPL2;2687;15.01.2019;Cleistanthus Polystachyus;0.017;0.023;1.375;75.720;1916.410;126.210;5168.680;1013.540;126.210;13.590;957.240;574.730
NPL2;2715;15.01.2019;Cleistanthus Polystachyus;4.279;101.356;23.685;175.980;2338.040;284.280;5349.060;1028.810;168.250;15.470;1001.740;754.210
NPL2;2727;15.01.2019;Syzygium Guineense;1.572;47.521;30.224;141.770;6683.540;157.970;5681.010;2418.230;390.890;26.330;810.130;228.860
NPL3;2733;15.01.2019;Cleistanthus Polystachyus;2.211;48.013;21.714;145.430;4386.580;224.050;5542.180;1509.360;514.910;21.620;1016.070;790.060
NPL3;2734;15.01.2019;Cleistanthus Polystachyus;-9999.000;-9999.000;-9999.000;164.670;4471.040;237.430;4752.510;1755.860;618.480;17.230;880.800;2217.330
NPL3;2741;15.01.2019;Parinari Excelsa;1.925;46.940;24.388;181.740;3928.940;204.210;13626.710;2009.390;30.630;30.630;1409.030;1055.750
NPL3;2746;15.01.2019;Cleistanthus Polystachyus;2.034;48.213;23.700;86.400;3237.050;158.740;3548.500;1519.060;430.000;14.070;914.250;1079.020
NPL3;2762;15.01.2019;Cleistanthus Polystachyus;2.035;49.323;24.242;69.320;7253.280;130.730;10761.080;3282.000;136.670;43.580;1228.030;305.030
NPL3;2769;15.01.2019;Diospyros Gabunensis;2.431;49.147;20.219;674.670;3268.180;148.820;11231.270;1984.320;416.710;11.910;795.710;299.630
NPL3;2771;15.01.2019;Diospyros Gabunensis;2.939;49.959;16.998;539.920;4339.400;281.000;8714.940;2203.820;477.700;10.040;919.260;511.820
NPL3;2789;15.01.2019;Diospyros Gabunensis;2.568;49.661;19.338;643.800;3174.890;314.880;7109.910;2314.480;589.650;12.030;766.150;437.220
NPL9;2797;15.01.2019;Strombosia Scheffleri;3.827;48.742;12.736;120.740;1391.460;292.940;7008.760;922.360;120.740;15.830;1577.510;294.920
NPL9;2805;15.01.2019;Cleistanthus Polystachyus;2.143;48.792;22.771;282.990;5528.560;1008.920;9033.120;2532.550;100.480;82.030;816.160;467.550
NPL9;2806;15.01.2019;Cleistanthus Polystachyus;2.128;48.947;23.001;177.150;2679.140;264.730;6791.400;1017.120;398.090;13.930;1090.760;2233.280
NPL9;2807;15.01.2019;Parinari Excelsa;1.727;45.225;26.192;292.440;14892.350;219.840;23213.840;1407.750;38.320;64.540;1895.830;296.480
NPL9;2808;15.01.2019;Cleistanthus Polystachyus;1.916;48.242;25.185;164.630;1520.820;246.940;5873.590;852.520;233.220;13.720;878.000;613.420
NPL9;2855;15.01.2019;Strombosia Scheffleri;3.392;48.775;14.379;173.120;1966.540;324.840;6658.240;999.810;229.530;15.560;1425.790;258.700
NPL9;2859;15.01.2019;Strombosia Scheffleri;3.622;46.732;12.903;189.640;4185.570;238.010;8129.260;1950.560;149.000;19.350;1073.970;1139.760
NPL6;2882;15.01.2019;Diospyros Gabunensis;2.319;49.723;21.444;501.200;5649.560;392.940;6621.890;3141.540;928.230;14.030;878.110;435.040
NPL6;2883;15.01.2019;Diospyros Gabunensis;2.139;49.565;23.168;513.680;4434.170;171.230;6205.470;2670.730;513.680;11.810;810.860;352.290
NPL6;2884;15.01.2019;Strombosia Scheffleri;3.333;48.644;14.594;152.140;3526.430;204.800;8983.810;1369.220;358.880;23.410;1322.410;243.810
NPL6;2887;15.01.2019;Syzygium Guineense;1.848;47.107;25.497;228.600;4765.530;220.790;10054.710;1250.490;103.560;19.540;791.320;429.860
NPL6;2890;15.01.2019;Strombosia Scheffleri;3.169;48.707;15.370;225.940;1996.490;381.770;8276.200;1232.960;144.140;15.580;1406.310;292.170
NPL6;2900;15.01.2019;Strombosia Scheffleri;3.534;47.990;13.580;133.970;3219.100;192.210;9443.740;1619.260;258.230;17.470;1891.080;217.450
NPL6;2907;15.01.2019;Diospyros Gabunensis;2.010;51.109;25.433;58.880;5174.030;112.070;13774.630;2011.490;18.990;17.090;1255.520;360.890
NPL6;2915;15.01.2019;Cleistanthus Polystachyus;1.835;47.594;25.932;183.470;5532.260;266.130;5193.550;1518.150;530.240;22.180;997.980;989.920
NPL6;2924;15.01.2019;Syzygium Guineense;1.613;48.419;30.018;209.530;5128.510;242.820;4125.910;2725.800;749.990;21.540;560.040;342.680
NPL6;2925;15.01.2019;Cleistanthus Polystachyus;2.360;48.059;20.365;215.990;11360.350;295.250;7726.150;3596.550;57.470;91.150;923.410;317.050
NPL6;2940;15.01.2019;Cleistanthus Polystachyus;2.260;47.536;21.036;189.970;3861.400;271.380;8511.750;1882.240;531.140;17.450;1077.780;608.670
UPL1;2952;15.01.2019;Chryssophylum Albidum;2.325;49.224;21.168;89.220;7386.470;141.700;9849.860;1733.030;46.570;53.790;1271.320;164.650
UPL1;2955;15.01.2019;Rauwolfia Vomitoria;2.141;60.377;28.196;236.210;18601.450;320.850;29461.150;2606.170;104.330;155.500;2082.570;456.670
UPL1;2963;15.01.2019;Aphania Senegalensis;2.325;45.986;19.777;206.260;3898.870;270.340;9551.940;2487.110;490.610;16.020;801.000;274.340
UPL1;2964;15.01.2019;Banquetredendron Oblanceolatum;1.970;45.332;23.009;205.610;9973.050;291.450;12829.620;2772.730;89.830;83.840;1026.050;544.960
UPL1;2965;15.01.2019;Banquetredendron Oblanceolatum;2.365;50.107;21.184;182.730;6643.090;473.520;9146.280;3047.450;82.520;56.980;862.560;540.330
UPL1;2973;15.01.2019;Celtis Durandii;2.507;36.650;14.618;54.530;6819.530;83.730;11432.740;2593.840;210.310;58.420;1119.710;525.780
UPL1;2991;15.01.2019;Uvariopsis Congnesis;3.033;42.271;13.938;242.740;17401.510;389.970;15246.720;1518.110;73.620;139.280;1177.880;2306.010
UPL1;3003;15.01.2019;Aphania Senegalensis;2.426;45.017;18.557;194.020;18356.760;326.670;17978.620;4755.490;49.500;372.200;3011.280;437.540
UPL1;3007;15.01.2019;Uvariopsis Congnesis;3.505;44.290;12.636;71.190;7673.660;280.930;20446.410;1860.690;32.710;65.420;1756.780;1193.000
UPL1;3008;15.01.2019;Celtis Durandii;3.497;42.586;12.177;130.260;9529.740;273.920;25555.020;3344.510;88.110;65.130;3202.760;1082.270
UPL1;3010;15.01.2019;Celtis Durandii;-9999.000;-9999.000;-9999.000;155.340;10452.930;574.580;20419.240;2481.750;69.250;93.580;2305.820;802.920
UPL1;3011;15.01.2019;Celtis Durandii;3.877;42.704;11.016;84.530;5766.610;227.280;24488.380;1333.650;35.690;45.080;2235.270;948.580
UPL1;3012;15.01.2019;Markhamia Platycalyx;3.051;46.125;15.117;117.380;9961.360;170.200;19367.140;1686.310;31.300;62.600;2519.690;473.420
UPL2;3022;28.12.2018;Celtis Durandii;1.552;44.625;28.745;144.350;20118.990;212.620;4905.880;1660.000;152.150;550.080;825.120;1068.960
UPL2;3036;28.12.2018;Uvariopsis Congnesis;3.646;43.898;12.040;161.040;9409.340;212.110;20128.640;2344.970;68.740;102.130;1512.250;1343.350
UPL2;3043;28.12.2018;Dasylepis Eggelingii;2.259;42.240;18.696;155.740;14065.810;193.720;15788.420;4335.980;491.900;140.540;1107.260;1889.750
UPL2;3062;28.12.2018;Aphania Senegalensis;2.228;45.818;20.569;285.710;3704.430;1131.030;12654.190;1946.800;147.780;39.410;2252.220;384.240
UPL2;3088;28.12.2018;Celtis Durandii;3.223;52.674;16.342;188.240;4666.670;221.570;15149.020;2984.310;313.730;56.860;996.080;566.670
UPL4;3101;28.12.2018;Uvariopsis Congnesis;3.529;44.102;12.498;61.020;9384.720;158.650;20048.820;2371.610;50.850;97.630;1830.570;2111.260
UPL4;3102;28.12.2018;Celtis Durandii;3.456;40.790;11.803;193.530;2811.940;228.360;3011.270;549.620;598.000;13.550;820.550;719.920
UPL4;3115;28.12.2018;Chryssophylum Albidum;2.534;50.481;19.919;273.120;5079.980;300.430;8365.200;2516.580;622.320;44.870;712.060;557.940
UPL4;3118;28.12.2018;Monodora Angolensis;4.103;44.992;10.965;36.810;6365.810;98.740;23318.010;3763.150;27.750;39.370;3416.800;448.720
UPL4;3126;28.12.2018;Banquetredendron Oblanceolatum;2.155;46.908;21.766;161.270;28069.690;248.880;11066.200;2092.580;51.770;318.570;1077.150;1634.640
UPL4;3135;28.12.2018;Celtis Durandii;1.949;30.053;15.422;288.240;26487.360;397.850;5403.430;3627.320;83.220;387.700;958.080;3186.850
UPL4;3138;28.12.2018;Aphania Senegalensis;2.052;69.249;33.747;60.950;5225.850;167.120;21278.940;1800.930;33.420;55.050;1728.190;1761.610
UPL4;3141;28.12.2018;Uvariopsis Congnesis;3.154;66.591;21.112;69.170;3926.880;160.080;18837.940;2229.250;98.810;51.380;1675.890;954.550
UPL4;3146;28.12.2018;Uvariopsis Congnesis;3.386;43.541;12.859;69.300;7337.820;128.970;9353.220;2344.560;254.090;367.660;1193.460;750.720
UPL4;3148;28.12.2018;Tabernaemontana Holistii;2.532;46.298;18.289;205.660;20628.730;605.230;6714.330;3903.630;13.710;238.960;1465.090;1913.620
UPL4;3154;28.12.2018;Chryssophylum Albidum;2.389;60.134;25.167;149.870;11112.000;191.830;6268.360;769.310;11.990;51.950;1314.820;243.780
UPL4;3155;28.12.2018;Banquetredendron Oblanceolatum;1.695;65.324;38.530;168.360;4912.560;212.460;16377.210;2629.650;54.120;50.110;1236.660;485.040
UPL5;3157;28.12.2018;Lovoa Brownii;3.910;74.115;18.956;87.580;7661.230;131.370;22533.840;2412.420;59.710;139.330;2103.900;513.540
UPL5;3161;28.12.2018;Monodora Angolensis;3.038;43.464;14.305;115.470;6058.130;181.170;12876.770;2550.270;437.990;49.770;1122.830;258.810
UPL5;3162;28.12.2018;Bosquecia Phaberas;3.098;45.800;14.784;308.290;7576.700;171.930;28265.400;5068.920;349.790;19.760;1827.970;339.900
UPL5;3163;28.12.2018;Chryssophylum Albidum;2.928;49.174;16.791;177.110;5096.920;226.310;16823.770;2495.330;135.790;55.100;1182.720;452.620
UPL5;3171;28.12.2018;Funtumia Latifolia;2.049;69.992;34.155;116.850;8058.800;301.550;18690.160;3774.970;405.200;62.190;963.060;2548.060
UPL5;3175;28.12.2018;Ehretia Cymosariter;1.675;41.730;24.907;132.840;11297.710;231.980;26334.890;5050.060;25.780;91.210;5127.390;1048.870
UPL5;3181;28.12.2018;Celtis Durandii;5.867;43.266;7.374;102.720;8617.050;270.800;27160.330;1200.860;26.150;61.630;1733.120;967.410
UPL5;3184;28.12.2018;Tabernaemontana Holistii;3.005;44.786;14.902;173.850;5336.720;519.610;21153.490;3621.620;128.930;56.650;3051.230;1058.750
UPL5;3188;28.12.2018;Pseudospondias Microcarpa;1.815;40.215;22.156;193.090;19619.620;575.400;6427.880;3726.590;13.520;231.700;1415.330;1562.080
UPL5;3192;28.12.2018;Uvariopsis Congnesis;2.764;42.304;15.308;111.060;12633.250;144.780;12129.510;3561.900;545.390;103.130;975.750;394.670
UPL10;3215;15.01.2019;Celtis Durandii;2.019;32.434;16.068;173.320;22017.530;204.480;4253.160;2829.600;288.220;208.370;946.450;1187.930
UPL10;3225;15.01.2019;Rauwolfia Vomitoria;2.551;44.043;17.262;44.010;8894.420;91.850;21813.140;2103.050;26.790;38.270;1972.920;933.840
UPL10;3226;15.01.2019;Chryssophylum Albidum;2.830;50.335;17.786;221.960;19706.290;254.480;22052.140;2171.730;30.610;403.730;1107.870;2550.590
UPL10;3227;15.01.2019;Margrituria;2.941;63.458;21.576;106.770;6165.490;132.010;8790.100;2059.690;58.240;48.530;675.560;180.540
UPL10;3230;15.01.2019;Aphania Senegalensis;2.109;46.178;21.897;104.120;7066.760;161.970;8370.210;1652.450;107.980;53.990;1259.100;291.150
UPL11;3232;15.01.2019;Uvariopsis Congnesis;3.466;44.618;12.874;134.370;9271.390;158.970;10785.390;3099.920;236.560;365.250;1296.370;1334.220
UPL11;3234;15.01.2019;Funtumia Latifolia;1.748;48.022;27.473;161.750;1817.630;268.900;4450.060;1037.200;202.180;12.130;940.150;843.110
UPL11;3236;15.01.2019;Banquetredendron Oblanceolatum;1.892;46.433;24.538;179.100;10175.120;193.030;8563.180;1787.060;59.700;107.460;931.340;302.490
UPL11;3237;15.01.2019;Chryssophylum Albidum;2.791;74.227;26.593;156.130;5676.170;221.350;14338.650;1751.070;73.130;65.220;934.830;533.620
UPL11;3239;15.01.2019;Banquetredendron Oblanceolatum;1.554;46.418;29.878;1.260;64.070;1.810;112.630;23.970;0.650;0.800;8.050;7.240
UPL11;3240;15.01.2019;Uvariopsis Congnesis;3.169;42.201;13.318;107.920;11368.040;157.890;17074.050;2540.220;135.900;145.900;1281.100;1375.040
UPL11;3243;28.12.2018;Banquetredendron Oblanceolatum;3.320;38.066;11.465;309.170;36549.320;464.750;41414.180;10567.470;225.390;221.400;1306.470;566.470
UPL11;3244;28.12.2018;Uvariopsis Congnesis;3.454;43.259;12.526;147.430;10114.020;202.480;17059.170;2313.740;96.320;139.570;1338.710;1495.970
UPL11;3247;28.12.2018;Bersama Abyssinica;1.788;40.904;22.877;152.450;26037.330;207.170;4463.990;3645.070;50.820;308.800;1274.310;1571.390
UPL11;3248;28.12.2018;Tabernaemontana Holistii;2.250;71.394;31.733;126.450;5812.950;171.200;16481.690;2682.750;202.320;60.310;957.150;597.250
UPL11;3265;28.12.2018;Uvariopsis Congnesis;3.516;45.236;12.866;44.380;6050.550;94.540;25014.470;2149.330;727.380;88.750;1252.170;526.720
UPL11;3266;28.12.2018;Celtis Durandii;3.676;37.266;10.139;212.160;5381.450;228.030;15694.240;2208.890;79.310;77.330;900.210;1056.860
UPL11;3267;28.12.2018;Chryssophylum Albidum;2.894;50.111;17.316;172.250;12092.980;299.490;8765.350;1291.900;78.300;101.790;1452.410;448.250
UPL11;3268;28.12.2018;Aphania Senegalensis;2.137;64.211;30.052;163.040;18335.820;369.820;16870.460;3240.880;53.680;133.210;1270.500;703.850
UPL11;3272;28.12.2018;Dasylepis Eggelingii;2.686;42.079;15.669;123.740;7809.600;163.660;13846.920;2915.880;331.300;61.870;2009.780;305.360
UPL11;3274;28.12.2018;Uvariopsis Congnesis;3.519;44.926;12.766;156.300;17428.720;293.310;8648.750;4141.060;77.190;310.680;1744.420;578.900
UPL11;3275;28.12.2018;Celtis Durandii;2.663;36.767;13.805;251.520;26558.400;534.730;9852.950;2628.110;65.360;360.450;1301.180;1418.030
UPL6;3277;28.12.2018;Uvariopsis Congnesis;3.713;44.716;12.044;108.790;11839.840;155.120;17313.520;5183.580;1118.110;86.630;1021.410;1621.760
UPL6;3278;28.12.2018;Ritchiea Albersii;2.228;48.366;21.707;251.520;19968.060;475.100;17380.980;3277.770;55.890;259.510;1283.560;1722.730
UPL6;3279;28.12.2018;Banquetredendron Oblanceolatum;1.668;65.638;39.353;35.930;7924.740;94.540;16556.680;3471.680;32.150;100.220;1213.950;943.560
UPL6;3281;28.12.2018;Funtumia Latifolia;1.699;48.452;28.514;69.930;1328.600;129.860;5604.120;957.000;145.850;9.990;1066.880;447.530
UPL6;3287;28.12.2018;Trema Orientalis;2.346;43.632;18.598;89.740;6517.430;221.370;19468.510;2883.780;55.840;69.800;1806.850;1039.040
UPL6;3289;28.12.2018;Trema Orientalis;-9999.000;-9999.000;-9999.000;345.680;9503.310;320.690;13900.490;2601.630;266.410;234.450;1189.280;1202.950
UPL6;3308;28.12.2018;Frema Orientalis;2.927;44.302;15.135;351.600;8468.550;86.490;19136.970;6234.840;116.570;9.400;1222.150;148.540
UPL6;3310;28.12.2018;Funtumia Latifolia;2.339;48.429;20.703;71.120;7260.320;159.550;24756.600;3262.050;136.480;38.440;2314.380;1703.110
UPL6;3312;28.12.2018;Uvariopsis Congnesis;3.150;41.389;13.138;173.210;15766.260;384.250;9570.450;4901.700;97.560;173.210;1447.410;1521.080
UPL6;3313;28.12.2018;Celtis Durandii;2.431;35.845;14.746;276.760;27577.370;542.310;7955.120;5669.940;57.970;336.610;1340.810;1466.110
UPL6;3314;28.12.2018;Chryssophylum Albidum;2.686;49.086;18.275;50.390;4269.380;122.090;12085.270;1866.280;455.430;23.260;1961.240;294.570
UPL6;3315;28.12.2018;Celtis Durandii;2.961;38.300;12.933;461.640;17888.410;999.560;22860.780;3458.360;88.020;207.350;1562.910;1664.630
UPL6;3335;28.12.2018;Banquetredendron Oblanceolatum;2.326;47.285;20.332;202.310;20649.740;342.380;15364.260;2112.630;361.830;79.760;1262.520;957.110
UPL6;3339;28.12.2018;Banquetredendron Oblanceolatum;2.096;47.663;22.735;293.440;11256.950;785.780;44789.520;2085.570;57.110;133.920;2879.230;1028.010
UPL6;3350;28.12.2018;Banquetredendron Oblanceolatum;1.863;46.373;24.889;60.050;6227.600;102.660;11591.280;2369.010;428.090;54.240;1137.050;207.260
UPL12;3356;28.12.2018;Uvariopsis Congnesis;3.438;45.476;13.229;149.450;11614.700;208.840;17029.270;2444.800;162.860;149.450;1153.420;2385.400
UPL12;3357;28.12.2018;Uvariopsis Congnesis;3.273;43.313;13.233;106.810;10160.710;338.560;20510.860;3822.860;334.530;106.810;2013.200;1690.770
UPL12;3360;28.12.2018;Chryssophylum Albidum;2.816;49.032;17.410;215.080;11450.870;512.020;6766.600;3327.150;70.430;85.650;890.790;317.870
UPL12;3365;28.12.2018;Celtis Durandii;2.255;35.511;15.750;336.350;20630.410;366.570;7629.410;3444.110;114.800;312.190;870.090;2777.440
UPL12;3366;28.12.2018;Uvariopsis Congnesis;2.297;44.848;19.521;106.190;5427.140;210.490;21653.550;2423.440;39.820;51.200;2101.070;1558.740
UPL12;3370;28.12.2018;Banquetredendron Oblanceolatum;1.892;45.964;24.295;197.650;3369.670;329.410;11725.040;695.640;29.070;25.190;1098.680;434.050
UPL12;3372;28.12.2018;Chryssophylum Albidum;2.693;49.127;18.245;143.730;1687.870;229.190;6345.540;662.330;54.380;77.690;621.540;2134.600
UPL12;3373;28.12.2018;Aphania Senegalensis;2.029;43.556;21.463;129.220;20413.120;199.710;9116.010;5987.270;127.260;422.910;1319.630;497.310
UPL12;3376;28.12.2018;Funtumia Latifolia;1.838;47.823;26.021;153.850;2051.280;244.580;4404.340;1218.930;311.640;27.610;934.910;457.590
UPL12;3377;28.12.2018;Banquetredendron Oblanceolatum;1.741;46.444;26.678;142.960;8581.220;178.200;9229.410;1627.340;45.040;72.460;941.940;252.620
UPL12;3378;28.12.2018;Chryssophylum Albidum;3.153;49.876;15.820;126.240;9775.310;171.460;11163.970;3029.820;88.560;105.520;1627.960;770.640
UPL12;3390;28.12.2018;Banquetredendron Oblanceolatum;1.719;46.545;27.081;190.820;10752.230;226.980;4782.570;1538.620;120.520;118.510;1088.680;315.360
UPL12;3393;28.12.2018;Tabernaemontana Holistii;2.435;63.452;26.060;227.970;11092.600;101.320;15681.230;6289.640;1046.320;13.640;1449.660;249.400
UPL12;3395;28.12.2018;Funtumia Latifolia;2.240;48.180;21.508;44.550;8705.510;114.290;26540.750;2235.460;19.370;114.290;2053.370;627.630
UPL3;3399;28.12.2018;Cheatachme Aristata;2.801;38.155;13.620;112.950;17035.570;194.190;23984.940;3717.430;59.450;338.850;1365.300;970.970
UPL3;3413;28.12.2018;Harrisonia Abyssinica;1.975;45.772;23.172;254.520;18080.440;613.950;14219.930;1847.680;71.890;120.460;1573.730;880.120
UPL3;3425;28.12.2018;Ficus Brachypus;2.093;41.909;20.021;229.040;10207.570;536.340;7938.160;1349.430;72.530;62.990;1254.000;313.020
UPL3;3429;28.12.2018;Banquetredendron Oblanceolatum;2.077;46.046;22.172;155.840;9929.300;240.490;17053.530;1950.840;515.610;38.480;1381.370;871.530
UPL7;3488;28.12.2018;Diospyros Abyssinica;2.641;47.582;18.019;309.830;13311.110;458.870;15662.320;1194.230;119.620;178.450;1341.310;1466.810
UPL7;3489;28.12.2018;Pterygota Mildbraedii;2.464;47.315;19.202;146.130;16635.170;216.270;12190.940;2123.720;245.490;101.320;1188.500;535.800
UPL7;3490;28.12.2018;Teclea Nobilis;2.014;40.575;20.143;180.410;26339.480;219.200;11452.960;3103.780;102.810;100.870;1039.770;1119.300
UPL7;3491;28.12.2018;Diospyros Abyssinica;2.976;48.274;16.220;134.060;1462.790;185.310;5056.680;934.450;238.540;11.830;1228.190;818.140
UPL7;3493;28.12.2018;Diospyros Abyssinica;2.190;49.032;22.389;128.030;23265.710;155.600;11126.650;4561.750;466.810;189.090;1077.410;490.450
UPL7;3497;28.12.2018;Cheatachme Aristata;2.205;56.794;25.752;107.320;5912.200;146.340;15705.370;2675.120;130.730;44.880;1092.680;495.610
UPL7;3501;28.12.2018;Diospyros Abyssinica;2.978;47.818;16.057;145.610;10721.590;229.390;12891.840;2710.820;999.350;89.760;1599.760;552.540
UPL7;3502;28.12.2018;Strombosia Scheffleri;3.128;43.448;13.890;107.350;13031.160;268.380;20810.100;4884.450;495.010;101.390;2361.710;272.350
UPL7;3503;28.12.2018;Diospyros Abyssinica;2.674;47.466;17.750;356.380;7368.630;417.130;17519.490;3575.980;277.410;93.150;1018.530;573.050
UPL7;3522;28.12.2018;Chryssophylum Albidum;2.841;45.955;16.175;76.150;6211.000;139.300;6770.060;2210.250;365.900;22.290;1071.690;579.490
UPL7;3550;28.12.2018;Uvariopsis Congnesis;3.528;43.825;12.422;68.310;9410.350;182.820;20080.360;3320.940;385.740;66.300;1552.990;1557.010
UPL7;3551;28.12.2018;Monodora Angolensis;3.204;44.532;13.899;108.890;14137.790;164.320;26600.670;3741.830;122.750;79.190;3143.930;465.250
UPL7;3552;28.12.2018;Drypetes Ugendensis;2.591;41.645;16.075;54.440;5191.790;211.700;20888.150;2808.610;66.540;44.360;2072.690;1399.260
UPL8;3588;28.12.2018;Diospyros Abyssinica;2.862;47.186;16.489;107.300;13661.720;224.350;14473.270;4024.580;981.270;64.380;1229.030;468.200
UPL8;3589;28.12.2018;Teclea Nobilis;2.602;41.962;16.129;193.420;6910.790;223.640;10785.270;2977.890;112.830;70.520;1023.520;481.540
UPL8;3597;28.12.2018;Uvariopsis Congnesis;3.671;43.213;11.772;156.290;7023.200;214.900;17707.450;2832.720;132.840;76.190;1238.580;695.480
UPL8;3605;28.12.2018;Pterygota Mildbraedii;2.773;45.821;16.522;94.870;17261.950;129.180;15925.720;2240.500;756.930;125.150;1483.570;322.960
UPL8;3606;28.12.2018;Teclea Nobilis;2.825;42.262;14.960;129.500;21674.340;196.270;13811.520;2254.030;596.890;58.680;1129.040;1244.370
UPL8;3611;28.12.2018;Tabernaemontana Holistii;2.595;62.347;24.029;151.570;7991.170;249.420;12099.000;2657.330;141.980;234.080;1481.200;894.090
UPL8;3613;28.12.2018;Uvariopsis Congnesis;3.182;42.321;13.299;59.030;11745.770;129.490;16375.150;4248.510;89.500;55.220;1447.270;1725.300
UPL8;3614;28.12.2018;Monodora Angolensis;2.695;41.138;15.263;86.260;2938.640;129.390;7106.450;888.060;562.630;11.760;1033.130;511.660
UPL8;3640;28.12.2018;Chryssophylum Albidum;3.127;48.781;15.600;184.440;4450.930;259.720;4785.920;1641.100;715.160;18.820;948.530;784.790
UPL8;3642;28.12.2018;Uvariopsis Congnesis;3.689;43.726;11.853;106.420;10537.930;141.250;11455.110;2403.250;654.020;48.370;1164.860;239.940
