plotID;species;mean_N;sd_N;mean_C;sd_C;mean_Al;sd_Al;mean_Ca;sd_Ca;mean_Fe;sd_Fe;mean_K;sd_K;mean_Mg;sd_Mg;mean_Mn;sd_Mn;mean_Na;sd_Na;mean_P;sd_P;mean_Si;sd_Si
KBPL1;Allophylus Kivuensis ;3.94;0.51;47.94;1.36;12.32;1.84;396.73;66.47;5447.91;616.4;929.85;95.18;17073.68;10140.43;2945.29;614.54;715.38;163.88;31.73;5.41;3139.08;540.19
KBPL1;Neoboutonia Macrocalyx;3.89;0.27;48.58;1.38;12.53;0.63;259.07;196.09;7610.59;1179.47;537.75;403.01;15905.48;2003.3;3631.73;602.09;152.69;96.8;140.75;75.92;2638.37;506.63
KBPL1;Dombeya Goetzenii ;3.47;0.03;45.58;1.25;13.14;0.25;919.45;196.41;8476.44;2259.44;884.34;130.51;22514.74;1393.23;6304.52;1082.71;3408.45;819.92;38.7;4.39;2145.86;93.06
KBPL1;Agauria Salicifolia ;2.66;-9999;46.02;-9999;17.31;-9999;303.21;-9999;11244.82;-9999;692.04;-9999;4807.34;-9999;1771.47;-9999;2219.33;-9999;67.98;-9999;1786.19;-9999
KBPL10;Alangium Chinense;3.2;0.2;45.17;1.37;14.12;0.47;86.46;28.06;12543.71;1185.74;153.32;34.67;16844.2;5330.95;3539.44;254.66;33.09;2.01;63.58;2.9;2851.54;515.52
KBPL10;Neoboutonia Macrocalyx;3.83;0.35;46.85;0.64;12.29;1.04;90.33;5.5;11784.96;1926.44;148.75;10.78;15768.92;1669.16;4387.68;660.1;75.74;29.88;64.27;4.76;3127.27;462.38
KBPL10;Dombeya Goetzenii;4.57;-9999;45.3;-9999;9.92;-9999;130.15;-9999;10794.18;-9999;214.94;-9999;28797.63;-9999;3226.03;-9999;55.21;-9999;53.24;-9999;3334.48;-9999
KBPL11;Neoboutonia Macrocalyx;3.55;0.69;45.75;0.61;13.14;2.72;123.23;34.98;12107.64;546.7;171.74;14.45;18781.39;7140.11;3986.11;524.69;48.53;17.73;54.6;4.79;3515.74;905.75
KBPL11;Maesa Lanceolata;3.17;0.1;47.93;0.68;15.11;0.34;138.93;21.88;9072.53;2108.56;221.5;61.31;23103.83;1757.24;2294.61;479.2;97.8;22.87;28.42;7.37;2933.26;112.34
KBPL11;Dombeya Goetzenii;4.02;0.32;45.22;0.78;11.28;0.71;121.98;26.81;14195.86;3239.9;200.83;20.64;24187.1;29.24;3363.32;317.63;94.05;32.14;32.98;4.61;3625.15;72.28
KBPL11;Xymalos Monospora;2.64;0.09;42.55;1.19;16.1;0.07;777.15;449.89;11657.22;3291.78;261.16;56.14;18647.92;2843.17;5604.33;447.95;213.78;131.49;49.44;35.75;2228.26;234.1
KBPL11;Cassipourea Ruwensorensis;2.1;0.48;46.9;1.54;23.35;6.44;186.6;41.67;10822.09;4854.79;224.78;19.44;8840.35;1286.22;2472.9;311.15;68.28;96.12;32.52;8.95;2429.48;680.94
KBPL12;Neoboutonia Macrocalyx;3.55;0.11;47.76;0.31;13.45;0.48;215.81;24.62;9054.02;308.93;217.42;44.43;14008.72;2381.42;4094.31;588.51;202.82;32.58;69.33;7.52;2879.78;99.42
KBPL12;Dombeya Goetzenii;4.33;0.16;46.65;0.57;10.78;0.38;114.26;29.18;8786.44;874.5;190.3;36.98;21745.87;4087.88;3395.29;242.58;172.38;28.2;35.74;1.52;3036.72;427.18
KBPL12;Cassipourea Ruwensorensis;1.96;0.31;47.1;1.18;24.46;4.66;173.73;66.36;7592.77;1680.35;208.87;63.59;7631.69;994.87;3584.56;742.09;532.07;76.38;34.48;2.54;1208.34;76.7
KBPL12;Agauria Salicifolia;1.73;-9999;50.44;-9999;29.16;-9999;214.03;-9999;4900.26;-9999;180.24;-9999;6627.55;-9999;2213.56;-9999;820.46;-9999;30.04;-9999;856.14;-9999
KBPL4;Allophylus Kivuensis;4.57;0.08;46.48;0.4;10.17;0.14;252.39;79.71;6911.48;1711.99;603.74;124.24;18586.53;2433.94;4100.2;603.47;1716.25;299.06;34.28;9.93;3825.2;454.21
KBPL4;Myrianthus Holstii;2.36;0.28;43.31;2.18;18.45;1.35;262.11;24.36;6022.82;2400.35;518.8;12.45;6110.61;3121.84;3141.61;737.99;572.61;298.1;28.73;9.64;955.78;42.64
KBPL4;Tabernaemontana Johnstonii;3.12;0.07;46.76;1.53;15;0.56;686.4;311.91;6095.58;2449.03;520.81;96.25;16249.92;3037.36;5188.19;1792.33;3831.66;2345.26;25.62;8.39;1768.99;140.35
KBPL4;Neoboutonia Macrocalyx;3.79;0.39;47.78;1.19;12.67;1.06;329.22;132.52;7134.24;2515.95;587.78;234.8;14871.39;949.68;3232.25;537.76;602.75;419.7;62.45;22.98;2414.92;268.05
KBPL4;Macaranga Kilimandsharica;2.47;-9999;48.29;-9999;19.54;-9999;102.51;-9999;4759.92;-9999;419.71;-9999;8100.19;-9999;2086.94;-9999;1972.83;-9999;29.01;-9999;1259.13;-9999
KBPL4;Macaranga Spinosa;2.52;-9999;47.33;-9999;18.81;-9999;219.79;-9999;4502.8;-9999;495.99;-9999;8110.87;-9999;1781.67;-9999;1526.87;-9999;27.23;-9999;1260.39;-9999
KBPL4;Agauria Salicifolia;3.27;-9999;48.76;-9999;14.91;-9999;140.57;-9999;3300.44;-9999;321.57;-9999;15146.58;-9999;2537.91;-9999;261.88;-9999;23.11;-9999;1875.51;-9999
KBPL5;Tabernaemontana Johnstonii;3.39;0.16;45.43;0.81;13.42;0.86;1132.56;174.36;7442.76;374.7;423.37;62.05;20621.26;6304.15;7540.54;924.57;3082.01;1047.47;32.6;4.22;1919.47;152.24
KBPL5;Neoboutonia Macrocalyx;3.86;0.05;48.63;0.49;12.6;0.04;188.91;2.84;5131.39;718.85;406.9;38.65;16641.59;1373.3;3071.57;203.98;187.09;5.18;53.23;6.46;2985.52;132.11
KBPL5;Dombeya Goetzenii;3.69;0.27;45.85;0.44;12.48;1.03;396.06;120.82;8725.27;952.24;658.57;175.83;36759.69;6784.3;3373.52;73.41;264.73;49.19;38.32;4.79;3042.06;677.62
KBPL5;Allophylus Kivuensis;4.47;0.42;46.04;0.66;10.34;0.87;165.75;17.77;6493.61;2706.38;421.52;19.5;20003.6;5875.63;4868.16;1169.33;582.59;233.98;31.44;9.55;3010.69;813.98
KBPL6;Macaranga Kilimandsharica;2.32;0.18;45.39;1.65;19.6;1.26;269.03;116;7758.61;2325.15;401.93;61.17;4207.13;901.92;4896.24;1209.54;748.6;443.49;60;7.72;1374.09;51.26
KBPL6;Allophylus Kivuensis;3.91;0.47;46.44;1.35;12.01;1.66;217.21;70.2;9857.76;3048.28;427.37;83.67;15085.85;6809.88;6471.74;2079.29;314.81;119.78;63.61;17.7;2784.06;486.05
KBPL6;Dombeya Goetzenii;4.29;0.17;44.19;0.87;10.32;0.36;316.23;137.19;15114.72;3647.09;506.44;170.35;26037.84;4490.74;5694.88;691.69;139.33;47.63;66.16;20.61;3221.71;351.81
KBPL6;Neoboutonia Macrocalyx;4.06;0.07;45.85;1.97;11.29;0.29;172.69;22.21;10642.75;3740.23;321.91;44.95;13609.69;1545.37;7190;2524.56;108.56;38.31;187.21;124.24;3253.74;588.58
KBPL6;Alangium Chinense;3.68;-9999;45.86;-9999;12.48;-9999;143.17;-9999;7315.07;-9999;330.25;-9999;21448.89;-9999;2827.15;-9999;32.45;-9999;53.45;-9999;3199.39;-9999
KBPL7;Alangium Chinense;3.92;0.15;44.69;0.51;11.41;0.42;90.83;13.59;11111.75;750.86;228.84;59.53;21203.93;2494.35;4943.82;848.52;30.26;2.56;95.88;8.88;3310.53;429.69
KBPL7;Maesa Lanceolata;3.36;0.23;47.9;0.69;14.29;1.2;115.94;38.21;7216.71;891.92;261.82;63.94;25122.39;4223.96;3880.98;1282.97;125.08;69.57;35.19;9.57;2723.75;277.79
KBPL7;Neoboutonia Macrocalyx;3.43;0.17;45.48;0.11;13.28;0.71;161.37;12.97;10128.93;1108.55;277.66;32.14;16135.84;2277.8;8128.86;620.79;50.93;7.45;82.62;9.23;3246.17;104.21
KBPL7;Dombeya Goetzenii;4.18;0.49;43.26;2.26;10.4;0.68;327.23;53.32;15008.17;2610.66;513.15;115.78;29638.13;9915.61;7575.64;971.17;91.85;25.4;80.7;27.06;2959.45;372.27
KBPL8;Maesa Lanceolata;3.21;0.23;48.58;0.11;15.15;1.05;151.32;62.98;7579.79;10.7;192.6;53.95;18419.56;7722.46;2336.17;177.59;517.81;95.88;28.83;2.38;1794.48;78.39
KBPL8;Macaranga Spinosa;2.54;0.04;46.2;0.13;18.21;0.34;137.5;67.07;6157.82;180.55;178.96;45.39;8449.35;467.76;2592.97;82.44;1769.72;296.87;20.87;4.59;1326.03;10.52
KBPL8;Tabernaemontana Johnstonii;3.59;0.14;45.84;1.26;12.81;0.82;672.72;110.18;6012.45;567.31;202.12;18.08;21091.54;5710.63;5175.25;232.54;2377.95;285.63;25.45;2.86;1845.8;201.14
KBPL8;Neoboutonia Macrocalyx;4.08;0.1;47.89;0.32;11.75;0.21;147.34;63.7;7346.44;1175.67;166.61;26.64;14296.99;1817.4;4006.53;345.21;355.98;77.44;65.75;7.26;2665.88;473.73
KBPL8;Allophylus Kivuensis;4.45;0.13;48.03;0.99;10.8;0.48;130.16;5.83;4626.19;1404.88;230.63;14.12;15928.59;1625.71;3073.8;776.38;772.3;288.68;25.28;8.57;2550.5;160.17
KBPL8;Dombeya Goetzenii;3.93;0.35;45.59;0.96;11.64;0.8;183.06;9.96;10761.7;1494.47;303.78;26.86;17483.87;153.03;4354.36;573.95;617.38;97.39;48.48;1.44;2443.93;81.74
KBPL8;Macaranga Kilimandsharica;3.33;-9999;45.11;-9999;13.54;-9999;322.6;-9999;6968.08;-9999;385.16;-9999;10966.32;-9999;3190.77;-9999;1161.35;-9999;33.24;-9999;1616.89;-9999
KBPL9;Myrianthus Holstii;2.58;0.09;43.99;1.59;17.04;0.04;315.9;190.63;6755.28;545.9;399.86;260.84;9993.26;2504.72;3773.92;63.65;227.73;100.98;36.19;8.04;1512.64;246.81
KBPL9;Neoboutonia Macrocalyx;3.89;0.32;46.47;0.09;11.98;0.95;221.38;72.19;9545.16;1017.3;200.41;59.62;11909.45;1334.12;5393.09;856.85;293.9;27.68;127.79;14.55;2673.21;255.02
KBPL9;Alangium Chinense;4.38;0.31;46.18;0.22;10.57;0.8;75.67;7.67;10179.29;1513.52;146.28;20.5;17424.28;1079.48;4062.84;188.46;81.56;12.01;63.33;11.16;2916.59;148.89
KBPL9;Dombeya Goetzenii;4.28;0.41;44.56;1.35;10.48;1.27;270.75;49.69;11132.49;1559.62;352.84;69.65;29114.81;14313.59;5284.32;740.66;303.33;75.62;62.2;9.85;3243.44;715.28
KBPL9;Trichylia Volkensii;3.07;-9999;47.54;-9999;15.48;-9999;147.03;-9999;4954.54;-9999;174.11;-9999;6194.62;-9999;2754.88;-9999;472.04;-9999;21.28;-9999;1547.69;-9999
NPL1;Carapa Grandiflora;1.92;0.1;48.96;0.38;25.6;1.38;145.78;43.1;5593.7;2097.34;195.63;44.6;7853.65;3803.98;2626;1733.46;350.29;278.05;33.61;23.63;848.68;118.28
NPL1;Syzygium Guineense;1.82;0.13;49.24;2.46;27.06;0.78;441.65;310.36;6801.57;3536.67;262.61;29.02;4759.4;563.72;2367.31;317.61;445.87;274.17;24.58;8.69;833.52;123.83
NPL1;Cleistanthus Polystachyus;1.9;0.11;49.61;0.76;26.19;1.15;136.73;39.27;5932.36;5797.54;212.7;71.89;9493.03;9102.58;1890.01;1419.55;369.21;292.43;57.49;73.69;1181.63;525.44
NPL10;Carapa Grandiflora;1.93;0.25;48.67;0.48;25.57;3.82;443.96;365.15;3476.25;668.72;298.83;60.58;8672.17;2819.28;1857.49;724.61;303.94;200.2;18.33;0.59;1214.6;729.2
NPL10;Syzygium Guineense;1.53;0.08;50.94;4;33.22;0.97;120.46;15.58;5626.36;1284.36;157.76;65.51;6797.83;250.24;2286.56;455.76;294.43;199.93;21.72;2.58;878.91;286.14
NPL10;Melchiora Schliebenii ;1.63;0.14;49.06;0.25;30.3;2.64;483.67;495.51;4473.07;1298.55;169.81;48.22;7423.53;657.91;2829.96;497.2;477.03;120.96;19.15;5.35;767.81;178.02
NPL10;Cleistanthus Polystachyus;-9999;-9999;-9999;-9999;-9999;-9999;144.35;-9999;20118.99;-9999;212.62;-9999;4905.88;-9999;1660;-9999;152.15;-9999;550.08;-9999;825.12;-9999
NPL11;Melchiora Schliebenii ;1.73;0.2;49.5;0.23;28.86;3.25;872.74;725.6;4019.82;277.4;302.94;72.11;7021.42;1735.84;2632.36;250.2;330.2;198.01;18.28;4.04;898.38;194.63
NPL11;Carapa Grandiflora;1.96;0.09;48.98;0.31;25.06;1.05;147.42;64.25;2286.2;292.14;216.61;81.67;7836.3;614.46;1815.75;426.6;129.69;72.46;13.82;0.13;859.01;194.18
NPL11;Chionanthus Africanus ;2.39;0.27;47.26;0.58;19.85;2;138.23;0.48;4079.77;731.03;246.77;55.45;10413.35;2442.37;1739.1;461.73;89.23;101.43;26.92;4.96;1069.28;438.07
NPL11;Syzygium Guineense;1.58;0.09;48.24;0.27;30.64;1.76;201.39;115.23;7564.7;5731.55;253.61;124.45;9942.98;3781.52;2352.34;243.55;302.6;204.52;94.47;117.74;1158.4;643.22
NPL11;Symphonia Globulifera;2.03;-9999;48.06;-9999;23.7;-9999;477.23;-9999;7291.85;-9999;497.45;-9999;5475.96;-9999;3431.58;-9999;780.55;-9999;34.38;-9999;845.26;-9999
NPL12;Carapa Grandiflora;1.76;0.24;47.42;2.67;27.08;2.19;145.66;4.01;2420.86;265.51;207.23;21.14;5384.17;1714.56;1617.88;573.92;380.09;116.71;13.65;3.14;924.83;66.75
NPL12;Ixora Burundiensis;1.83;0.11;48.47;0.52;26.48;1.28;145.43;68.03;4102.74;1115.15;176.49;50.85;7923.86;1973.86;1880.37;550.01;102.14;96.78;24.55;12.18;830.11;222.33
NPL12;Chionanthus Africanus ;2.05;0.17;46.9;0.23;23.02;2.05;231.93;179.12;6833.47;2336.04;268.78;124.49;9867.78;1525;2345.19;518.36;30.44;5.12;29.04;13.24;1285.12;192.65
NPL12;Syzygium Guineense;1.38;0.1;47.91;0.89;34.8;1.93;151.96;111.72;4067.45;3584.53;158.34;119.32;4094.3;3917.76;2191.6;1834.45;321.31;320.2;13.11;11.32;485.74;360.39
NPL2;Cleistanthus Polystachyus;2.1;2.13;50.1;50.68;16.52;13.12;131.17;50.97;2886.24;1331.45;199.41;79.68;5443.4;332.09;1630.22;1054.91;129.44;37.29;15.68;2.2;1061.13;143.15
NPL2;Syzygium Guineense;1.77;0.28;47.79;0.38;27.31;4.13;697.78;786.31;5169.87;2140.65;150.41;10.7;6496.71;1153.57;2412.31;8.37;429.54;54.66;20.11;8.8;738.35;101.51
NPL2;Sericanthe Leonardii;-9999;-9999;-9999;-9999;-9999;-9999;205.65;-9999;16038.69;-9999;258.59;-9999;10294.73;-9999;372.61;-9999;46.83;-9999;91.63;-9999;1005.85;-9999
NPL3;Diospyros Gabunensis;2.65;0.26;49.59;0.41;18.85;1.66;619.46;70.6;3594.16;647.09;248.23;87.74;9018.71;2077.41;2167.54;168.04;494.68;87.71;11.33;1.12;827.04;81.22
NPL3;Cleistanthus Polystachyus;2.09;0.1;48.52;0.71;23.22;1.33;116.46;45.79;4836.99;1706.37;187.74;51.25;6151.07;3180.79;2016.57;851.28;425.01;207.11;24.12;13.33;1009.79;156.45
NPL3;Parinari Excelsa;1.92;-9999;46.94;-9999;24.39;-9999;181.74;-9999;3928.94;-9999;204.21;-9999;13626.71;-9999;2009.39;-9999;30.63;-9999;30.63;-9999;1409.03;-9999
NPL4;Melchiora Schliebenii ;1.71;-9999;49.44;-9999;28.93;-9999;888.15;66.52;5156.92;102.9;272.02;36.94;5625.81;1142.96;2595.17;951.08;498.96;199.06;45.86;11.81;2739.64;1199.45
NPL4;Pentadesma Reindersii;1.79;0;48.72;0.59;27.23;0.32;379.64;259.53;3400.22;118.61;427.9;268.35;6017.25;302.31;1970.04;804.97;320.55;5.16;25.12;1.27;738.93;108.23
NPL4;Syzygium Guineense;1.71;0.3;46.95;3.66;27.87;3.57;305.22;93.28;4515.59;1004.56;310.48;59.67;5903.79;2894.7;1732.33;210.7;337.96;78.67;21.32;4.04;859.02;196.39
NPL4;Carapa Grandiflora;1.9;0.02;49.12;0.09;25.79;0.29;153.35;108.6;3538.67;1023.81;201.18;115.01;10961.21;4138.82;1950.47;310.13;71.59;20.92;17.04;2.09;1381.84;469.96
NPL4;Cleistanthus Polystachyus;2.17;0.21;48.58;0.4;22.53;1.94;195.26;114.93;2596.95;1163.74;250.73;121.44;5272.08;703.76;1363.36;296.63;383.89;256.22;23.51;7.08;971.57;136.82
NPL5;Syzygium Guineense;1.67;0.29;86.1;53.74;49.41;23.66;251.85;1.04;5801.74;334.8;242.58;30.9;8237.76;4882.46;2306.97;192.4;232.29;264.32;34.06;9.1;937.96;166.58
NPL5;Pentadesma Reindersii;1.64;0.11;47.77;3.24;29.31;4.01;501.61;574.77;3519.88;348.07;178.24;25.07;6559.18;426.96;1761.34;310.63;250.5;230.2;22.99;11.39;744.49;97.98
NPL5;Melchiora Schliebenii ;1.76;0.06;47.85;3.52;27.16;2.94;455.36;499.71;3196.26;1151.3;236.01;61.27;6348.62;1326.07;2036.02;401.37;463.29;210.42;17.39;8.56;729.77;90.02
NPL5;Cleistanthus Polystachyus;1.8;0.12;48.43;0.67;27.01;1.97;177.63;52.26;9147.73;5948.47;253.23;85.58;6245.22;3406.66;3241.95;2189.74;610.61;611.91;59.35;42.56;870.65;96.37
NPL6;Syzygium Guineense;1.73;0.17;47.76;0.93;27.76;3.2;219.07;13.49;4947.02;256.66;231.8;15.58;7090.31;4192.29;1988.15;1043.21;426.77;457.1;20.54;1.42;675.68;163.54
NPL6;Diospyros Gabunensis;2.16;0.16;50.13;0.85;23.35;2;357.92;259.05;5085.92;612.47;225.41;148.07;8867.33;4254.94;2607.92;567.64;486.97;455.2;14.31;2.65;981.5;239.68
NPL6;Strombosia Scheffleri;3.35;0.18;48.45;0.4;14.51;0.9;170.68;48.71;2914.01;809.31;259.59;105.99;8901.25;588.13;1407.15;195.92;253.75;107.44;18.82;4.08;1539.93;306.98
NPL6;Cleistanthus Polystachyus;2.15;0.28;47.73;0.29;22.44;3.04;196.48;17.21;6918;3936.85;277.59;15.52;7143.82;1734.06;2332.31;1109.9;372.95;273.22;43.59;41.26;999.73;77.2
NPL7;Pentadesma Reindersii;1.8;-9999;49.45;-9999;27.48;-9999;195.74;40.61;4050.12;112.74;234.08;30.16;5980.77;1718.46;2028;401.92;571.26;554.81;24.48;3.69;842.93;59.24
NPL7;Cleistanthus Polystachyus;1.92;0.4;47.67;1.56;25.7;5.7;103.9;36.75;6063.18;4288.42;231.8;156.08;8044.22;4539.04;1600.05;552.46;419.97;453.69;21.55;8.74;1135.18;285.24
NPL7;Ocotea Usambarensis;2.08;-9999;50.99;-9999;24.49;-9999;260.28;-9999;3999.6;-9999;230.48;-9999;5324.86;-9999;1559.71;-9999;443.08;-9999;17.88;-9999;985.5;-9999
NPL8;Cleistanthus Polystachyus;2.16;0.46;48.2;1.77;23.06;4.8;195.38;57.69;3951.79;1141.84;284.68;93;6028.86;2631.57;1720.75;778.4;710.66;336.33;20.38;5.68;857.67;74.95
NPL8;Pentadesma Reindersii;2.16;-9999;46.95;-9999;21.72;-9999;972.2;-9999;3970.65;-9999;385.29;-9999;5609.62;-9999;2695.01;-9999;828.47;-9999;13.97;-9999;782.55;-9999
NPL9;Strombosia Scheffleri;3.61;0.22;48.08;1.17;13.34;0.9;161.16;35.97;2514.53;1475.46;285.26;43.92;7265.42;768.37;1290.91;572.58;166.42;56.45;16.92;2.11;1359.09;258.31
NPL9;Cleistanthus Polystachyus;2.06;0.13;48.66;0.37;23.65;1.33;208.25;65.02;3242.84;2062.47;506.86;434.89;7232.7;1625.33;1467.4;926.12;243.93;149.09;36.56;39.38;928.31;144.05
NPL9;Parinari Excelsa;1.73;-9999;45.22;-9999;26.19;-9999;292.44;-9999;14892.35;-9999;219.84;-9999;23213.84;-9999;1407.75;-9999;38.32;-9999;64.54;-9999;1895.83;-9999
UPL1;Celtis Durandii;3.29;0.71;40.65;3.46;12.6;1.84;106.16;45.22;8142.2;2210.4;289.88;206.34;20473.85;6420.78;2438.44;830.17;100.84;76.13;65.55;20.46;2215.89;853.23
UPL1;Banquetredendron Oblanceolatum;2.17;0.28;47.72;3.38;22.1;1.29;194.17;16.18;8308.07;2354.64;382.49;128.75;10987.95;2604.52;2910.09;194.26;86.18;5.17;70.41;18.99;944.31;115.61
UPL1;Uvariopsis Congnesis;3.27;0.33;43.28;1.43;13.29;0.92;156.97;121.3;12537.59;6878.63;335.45;77.1;17846.56;3676.74;1689.4;242.24;53.16;28.92;102.35;52.22;1467.33;409.35
UPL1;Aphania Senegalensis;2.38;0.07;45.5;0.69;19.17;0.86;200.14;8.65;11127.82;10223.27;298.5;39.83;13765.28;5958.56;3621.3;1603.99;270.05;311.92;194.11;251.86;1906.14;1562.91
UPL1;Markhamia Platycalyx;3.05;-9999;46.13;-9999;15.12;-9999;117.38;-9999;9961.36;-9999;170.2;-9999;19367.14;-9999;1686.31;-9999;31.3;-9999;62.6;-9999;2519.69;-9999
UPL1;Rauwolfia Vomitoria;2.14;-9999;60.38;-9999;28.2;-9999;236.21;-9999;18601.45;-9999;320.85;-9999;29461.15;-9999;2606.17;-9999;104.33;-9999;155.5;-9999;2082.57;-9999
UPL1;Chryssophylum Albidum;2.33;-9999;49.22;-9999;21.17;-9999;89.22;-9999;7386.47;-9999;141.7;-9999;9849.86;-9999;1733.03;-9999;46.57;-9999;53.79;-9999;1271.32;-9999
UPL10;Celtis Durandii;2.02;-9999;32.43;-9999;16.07;-9999;173.32;-9999;22017.53;-9999;204.48;-9999;4253.16;-9999;2829.6;-9999;288.22;-9999;208.37;-9999;946.45;-9999
UPL10;Aphania Senegalensis;2.11;-9999;46.18;-9999;21.9;-9999;104.12;-9999;7066.76;-9999;161.97;-9999;8370.21;-9999;1652.45;-9999;107.98;-9999;53.99;-9999;1259.1;-9999
UPL10;Chryssophylum Albidum;2.83;-9999;50.33;-9999;17.79;-9999;221.96;-9999;19706.29;-9999;254.48;-9999;22052.14;-9999;2171.73;-9999;30.61;-9999;403.73;-9999;1107.87;-9999
UPL10;Margrituria;2.94;-9999;63.46;-9999;21.58;-9999;106.77;-9999;6165.49;-9999;132.01;-9999;8790.1;-9999;2059.69;-9999;58.24;-9999;48.53;-9999;675.56;-9999
UPL10;Rauwolfia Vomitoria;2.55;-9999;44.04;-9999;17.26;-9999;44.01;-9999;8894.42;-9999;91.85;-9999;21813.14;-9999;2103.05;-9999;26.79;-9999;38.27;-9999;1972.92;-9999
UPL11;Uvariopsis Congnesis;3.42;0.15;44.05;1.28;12.87;0.29;118.08;45.06;10846.54;4171.82;181.44;73.43;15716.37;6410.28;2848.86;806.81;254.67;271.32;210.03;120.43;1382.55;204.69
UPL11;Chryssophylum Albidum;2.84;0.07;62.17;17.05;21.95;6.56;164.19;11.4;8884.57;4537.37;260.42;55.25;11552;3940.92;1521.49;324.68;75.71;3.66;83.5;25.86;1193.62;365.99
UPL11;Celtis Durandii;3.17;0.72;37.02;0.35;11.97;2.59;231.84;27.83;15969.93;14974.36;381.38;216.87;12773.6;4130.42;2418.5;296.43;72.34;9.87;218.89;200.2;1100.7;283.53
UPL11;Banquetredendron Oblanceolatum;2.26;0.94;43.64;4.83;21.96;9.47;163.18;154.57;15596.17;18837.04;219.86;232.63;16696.67;21819.02;4126.17;5647.56;95.25;116.51;109.89;110.32;748.62;668.22
UPL11;Tabernaemontana Holistii;2.25;-9999;71.39;-9999;31.73;-9999;126.45;-9999;5812.95;-9999;171.2;-9999;16481.69;-9999;2682.75;-9999;202.32;-9999;60.31;-9999;957.15;-9999
UPL11;Dasylepis Eggelingii;2.69;-9999;42.08;-9999;15.67;-9999;123.74;-9999;7809.6;-9999;163.66;-9999;13846.92;-9999;2915.88;-9999;331.3;-9999;61.87;-9999;2009.78;-9999
UPL11;Funtumia Latifolia;1.75;-9999;48.02;-9999;27.47;-9999;161.75;-9999;1817.63;-9999;268.9;-9999;4450.06;-9999;1037.2;-9999;202.18;-9999;12.13;-9999;940.15;-9999
UPL11;Bersama Abyssinica;1.79;-9999;40.9;-9999;22.88;-9999;152.45;-9999;26037.33;-9999;207.17;-9999;4463.99;-9999;3645.07;-9999;50.82;-9999;308.8;-9999;1274.31;-9999
UPL11;Aphania Senegalensis;2.14;-9999;64.21;-9999;30.05;-9999;163.04;-9999;18335.82;-9999;369.82;-9999;16870.46;-9999;3240.88;-9999;53.68;-9999;133.21;-9999;1270.5;-9999
UPL12;Uvariopsis Congnesis;3;0.62;44.55;1.11;15.33;3.63;120.81;24.8;9067.51;3235.4;252.63;74.42;19731.22;2408.71;2897.03;801.86;179.07;148.02;102.48;49.27;1755.9;523.61
UPL12;Banquetredendron Oblanceolatum;1.78;0.09;46.32;0.31;26.02;1.51;177.14;29.8;7567.71;3794.2;244.86;77.17;8579.01;3516.64;1287.2;514.22;64.87;48.85;72.05;46.66;1043.1;87.75
UPL12;Funtumia Latifolia;2.04;0.28;48;0.25;23.76;3.19;99.2;77.28;5378.39;4705.25;179.43;92.13;15472.55;15652.81;1727.2;718.79;165.5;206.66;70.95;61.29;1494.14;790.87
UPL12;Chryssophylum Albidum;2.89;0.24;49.35;0.46;17.16;1.23;161.69;47.06;7638.02;5220.64;304.22;182.25;8092.04;2668.69;2339.76;1460.29;71.12;17.1;89.62;14.33;1046.76;521.02
UPL12;Aphania Senegalensis;2.03;-9999;43.56;-9999;21.46;-9999;129.22;-9999;20413.12;-9999;199.71;-9999;9116.01;-9999;5987.27;-9999;127.26;-9999;422.91;-9999;1319.63;-9999
UPL12;Celtis Durandii;2.25;-9999;35.51;-9999;15.75;-9999;336.35;-9999;20630.41;-9999;366.57;-9999;7629.41;-9999;3444.11;-9999;114.8;-9999;312.19;-9999;870.09;-9999
UPL12;Tabernaemontana Holistii;2.43;-9999;63.45;-9999;26.06;-9999;227.97;-9999;11092.6;-9999;101.32;-9999;15681.23;-9999;6289.64;-9999;1046.32;-9999;13.64;-9999;1449.66;-9999
UPL2;Celtis Durandii;2.39;1.18;48.65;5.69;22.54;8.77;166.29;31.03;12392.83;10926.44;217.09;6.33;10027.45;7242.99;2322.16;936.43;232.94;114.25;303.47;348.76;910.6;120.88
UPL2;Aphania Senegalensis;2.23;-9999;45.82;-9999;20.57;-9999;285.71;-9999;3704.43;-9999;1131.03;-9999;12654.19;-9999;1946.8;-9999;147.78;-9999;39.41;-9999;2252.22;-9999
UPL2;Dasylepis Eggelingii;2.26;-9999;42.24;-9999;18.7;-9999;155.74;-9999;14065.81;-9999;193.72;-9999;15788.42;-9999;4335.98;-9999;491.9;-9999;140.54;-9999;1107.26;-9999
UPL2;Uvariopsis Congnesis;3.65;-9999;43.9;-9999;12.04;-9999;161.04;-9999;9409.34;-9999;212.11;-9999;20128.64;-9999;2344.97;-9999;68.74;-9999;102.13;-9999;1512.25;-9999
UPL3;Banquetredendron Oblanceolatum;2.08;-9999;46.05;-9999;22.17;-9999;155.84;-9999;9929.3;-9999;240.49;-9999;17053.53;-9999;1950.84;-9999;515.61;-9999;38.48;-9999;1381.37;-9999
UPL3;Cheatachme Aristata;2.8;-9999;38.16;-9999;13.62;-9999;112.95;-9999;17035.57;-9999;194.19;-9999;23984.94;-9999;3717.43;-9999;59.45;-9999;338.85;-9999;1365.3;-9999
UPL3;Ficus Brachypus;2.09;-9999;41.91;-9999;20.02;-9999;229.04;-9999;10207.57;-9999;536.34;-9999;7938.16;-9999;1349.43;-9999;72.53;-9999;62.99;-9999;1254;-9999
UPL3;Harrisonia Abyssinica;1.98;-9999;45.77;-9999;23.17;-9999;254.52;-9999;18080.44;-9999;613.95;-9999;14219.93;-9999;1847.68;-9999;71.89;-9999;120.46;-9999;1573.73;-9999
UPL4;Uvariopsis Congnesis;3.36;0.19;51.41;13.15;15.49;4.87;66.5;4.74;6883.14;2757.19;149.23;17.56;16079.99;5856.93;2315.14;75.6;134.58;106.24;172.23;170.82;1566.64;332.31
UPL4;Chryssophylum Albidum;2.46;0.1;55.31;6.83;22.54;3.71;211.49;87.15;8095.99;4265.28;246.13;76.79;7316.78;1482.69;1642.94;1235.51;317.15;431.57;48.41;5.01;1013.44;426.22
UPL4;Banquetredendron Oblanceolatum;1.93;0.33;56.12;13.02;30.15;11.85;164.82;5.01;16491.12;16374.56;230.67;25.76;13721.71;3755.45;2361.12;379.77;52.94;1.66;184.34;189.83;1156.91;112.79
UPL4;Celtis Durandii;2.7;1.07;35.42;7.59;13.61;2.56;240.88;66.97;14649.65;16741.05;313.1;119.85;4207.35;1691.51;2088.47;2176.27;340.61;364;200.62;264.57;889.32;97.25
UPL4;Monodora Angolensis;4.1;-9999;44.99;-9999;10.96;-9999;36.81;-9999;6365.81;-9999;98.74;-9999;23318.01;-9999;3763.15;-9999;27.75;-9999;39.37;-9999;3416.8;-9999
UPL4;Aphania Senegalensis;2.05;-9999;69.25;-9999;33.75;-9999;60.95;-9999;5225.85;-9999;167.12;-9999;21278.94;-9999;1800.93;-9999;33.42;-9999;55.05;-9999;1728.19;-9999
UPL4;Tabernaemontana Holistii;2.53;-9999;46.3;-9999;18.29;-9999;205.66;-9999;20628.73;-9999;605.23;-9999;6714.33;-9999;3903.63;-9999;13.71;-9999;238.96;-9999;1465.09;-9999
UPL5;Bosquecia Phaberas;3.1;-9999;45.8;-9999;14.78;-9999;308.29;-9999;7576.7;-9999;171.93;-9999;28265.4;-9999;5068.92;-9999;349.79;-9999;19.76;-9999;1827.97;-9999
UPL5;Funtumia Latifolia;2.05;-9999;69.99;-9999;34.16;-9999;116.85;-9999;8058.8;-9999;301.55;-9999;18690.16;-9999;3774.97;-9999;405.2;-9999;62.19;-9999;963.06;-9999
UPL5;Lovoa Brownii;3.91;-9999;74.11;-9999;18.96;-9999;87.58;-9999;7661.23;-9999;131.37;-9999;22533.84;-9999;2412.42;-9999;59.71;-9999;139.33;-9999;2103.9;-9999
UPL5;Ehretia Cymosariter;1.68;-9999;41.73;-9999;24.91;-9999;132.84;-9999;11297.71;-9999;231.98;-9999;26334.89;-9999;5050.06;-9999;25.78;-9999;91.21;-9999;5127.39;-9999
UPL5;Monodora Angolensis;3.04;-9999;43.46;-9999;14.31;-9999;115.47;-9999;6058.13;-9999;181.17;-9999;12876.77;-9999;2550.27;-9999;437.99;-9999;49.77;-9999;1122.83;-9999
UPL5;Pseudospondias Microcarpa;1.82;-9999;40.21;-9999;22.16;-9999;193.09;-9999;19619.62;-9999;575.4;-9999;6427.88;-9999;3726.59;-9999;13.52;-9999;231.7;-9999;1415.33;-9999
UPL5;Tabernaemontana Holistii;3.01;-9999;44.79;-9999;14.9;-9999;173.85;-9999;5336.72;-9999;519.61;-9999;21153.49;-9999;3621.62;-9999;128.93;-9999;56.65;-9999;3051.23;-9999
UPL5;Uvariopsis Congnesis;2.76;-9999;42.3;-9999;15.31;-9999;111.06;-9999;12633.25;-9999;144.78;-9999;12129.51;-9999;3561.9;-9999;545.39;-9999;103.13;-9999;975.75;-9999
UPL5;Celtis Durandii;5.87;-9999;43.27;-9999;7.37;-9999;102.72;-9999;8617.05;-9999;270.8;-9999;27160.33;-9999;1200.86;-9999;26.15;-9999;61.63;-9999;1733.12;-9999
UPL5;Chryssophylum Albidum;2.93;-9999;49.17;-9999;16.79;-9999;177.11;-9999;5096.92;-9999;226.31;-9999;16823.77;-9999;2495.33;-9999;135.79;-9999;55.1;-9999;1182.72;-9999
UPL6;Trema Orientalis;2.35;-9999;43.63;-9999;18.6;-9999;217.71;180.97;8010.37;2111.34;271.03;70.23;16684.5;3937.19;2742.7;199.51;161.12;148.89;152.12;116.42;1498.07;436.69
UPL6;Uvariopsis Congnesis;3.43;0.4;43.05;2.35;12.59;0.77;141;45.55;13803.05;2776.4;269.69;162.02;13441.99;5475.18;5042.64;199.32;607.83;721.64;129.92;61.22;1234.41;301.23
UPL6;Funtumia Latifolia;2.02;0.45;48.44;0.02;24.61;5.52;70.52;0.85;4294.46;4194.36;144.7;20.99;15180.36;13542.85;2109.52;1629.92;141.16;6.62;24.22;20.12;1690.63;882.12
UPL6;Banquetredendron Oblanceolatum;1.99;0.29;51.74;9.28;26.83;8.56;147.93;121.65;11514.76;6438.34;331.34;324.04;22075.44;15289.91;2509.72;653.9;219.79;204.32;92.03;33.67;1623.19;838.95
UPL6;Celtis Durandii;2.7;0.38;37.07;1.74;13.84;1.28;369.2;130.72;22732.89;6851.13;770.93;323.32;15407.95;10539.89;4564.15;1563.82;73;21.25;271.98;91.4;1451.86;157.05
UPL6;Chryssophylum Albidum;2.69;-9999;49.09;-9999;18.28;-9999;50.39;-9999;4269.38;-9999;122.09;-9999;12085.27;-9999;1866.28;-9999;455.43;-9999;23.26;-9999;1961.24;-9999
UPL6;Frema Orientalis;2.93;-9999;44.3;-9999;15.14;-9999;351.6;-9999;8468.55;-9999;86.49;-9999;19136.97;-9999;6234.84;-9999;116.57;-9999;9.4;-9999;1222.15;-9999
UPL6;Ritchiea Albersii;2.23;-9999;48.37;-9999;21.71;-9999;251.52;-9999;19968.06;-9999;475.1;-9999;17380.98;-9999;3277.77;-9999;55.89;-9999;259.51;-9999;1283.56;-9999
UPL7;Diospyros Abyssinica;2.69;0.32;48.03;0.64;18.09;2.56;214.78;109.45;11225.97;8058.48;289.26;139.08;12451.39;4812.13;2595.45;1546.24;420.35;346.89;112.45;72.87;1253.04;231.55
UPL7;Cheatachme Aristata;2.21;-9999;56.79;-9999;25.75;-9999;107.32;-9999;5912.2;-9999;146.34;-9999;15705.37;-9999;2675.12;-9999;130.73;-9999;44.88;-9999;1092.68;-9999
UPL7;Chryssophylum Albidum;2.84;-9999;45.96;-9999;16.18;-9999;76.15;-9999;6211;-9999;139.3;-9999;6770.06;-9999;2210.25;-9999;365.9;-9999;22.29;-9999;1071.69;-9999
UPL7;Pterygota Mildbraedii;2.46;-9999;47.31;-9999;19.2;-9999;146.13;-9999;16635.17;-9999;216.27;-9999;12190.94;-9999;2123.72;-9999;245.49;-9999;101.32;-9999;1188.5;-9999
UPL7;Strombosia Scheffleri;3.13;-9999;43.45;-9999;13.89;-9999;107.35;-9999;13031.16;-9999;268.38;-9999;20810.1;-9999;4884.45;-9999;495.01;-9999;101.39;-9999;2361.71;-9999
UPL7;Teclea Nobilis;2.01;-9999;40.57;-9999;20.14;-9999;180.41;-9999;26339.48;-9999;219.2;-9999;11452.96;-9999;3103.78;-9999;102.81;-9999;100.87;-9999;1039.77;-9999
UPL7;Uvariopsis Congnesis;3.53;-9999;43.82;-9999;12.42;-9999;68.31;-9999;9410.35;-9999;182.82;-9999;20080.36;-9999;3320.94;-9999;385.74;-9999;66.3;-9999;1552.99;-9999
UPL7;Monodora Angolensis;3.2;-9999;44.53;-9999;13.9;-9999;108.89;-9999;14137.79;-9999;164.32;-9999;26600.67;-9999;3741.83;-9999;122.75;-9999;79.19;-9999;3143.93;-9999
UPL7;Drypetes Ugendensis;2.59;-9999;41.65;-9999;16.07;-9999;54.44;-9999;5191.79;-9999;211.7;-9999;20888.15;-9999;2808.61;-9999;66.54;-9999;44.36;-9999;2072.69;-9999
UPL8;Uvariopsis Congnesis;3.51;0.29;43.09;0.71;12.31;0.86;107.25;48.63;9768.97;2453.4;161.88;46.29;15179.24;3293.27;3161.5;965.57;292.12;314.16;59.93;14.49;1283.57;146.48
UPL8;Teclea Nobilis;2.71;0.16;42.11;0.21;15.54;0.83;161.46;45.2;14292.57;10439.4;209.96;19.36;12298.4;2139.88;2615.96;511.84;354.86;342.29;64.6;8.37;1076.28;74.61
UPL8;Chryssophylum Albidum;3.13;-9999;48.78;-9999;15.6;-9999;184.44;-9999;4450.93;-9999;259.72;-9999;4785.92;-9999;1641.1;-9999;715.16;-9999;18.82;-9999;948.53;-9999
UPL8;Diospyros Abyssinica;2.86;-9999;47.19;-9999;16.49;-9999;107.3;-9999;13661.72;-9999;224.35;-9999;14473.27;-9999;4024.58;-9999;981.27;-9999;64.38;-9999;1229.03;-9999
UPL8;Monodora Angolensis;2.7;-9999;41.14;-9999;15.26;-9999;86.26;-9999;2938.64;-9999;129.39;-9999;7106.45;-9999;888.06;-9999;562.63;-9999;11.76;-9999;1033.13;-9999
UPL8;Pterygota Mildbraedii;2.77;-9999;45.82;-9999;16.52;-9999;94.87;-9999;17261.95;-9999;129.18;-9999;15925.72;-9999;2240.5;-9999;756.93;-9999;125.15;-9999;1483.57;-9999
UPL8;Tabernaemontana Holistii;2.59;-9999;62.35;-9999;24.03;-9999;151.57;-9999;7991.17;-9999;249.42;-9999;12099;-9999;2657.33;-9999;141.98;-9999;234.08;-9999;1481.2;-9999
