plotID;no_traps;duration;sampling_date;litter;litter_2
KBPL1;10;14;21.08.2018;85.987;6.142
KBPL1;10;14;18.09.2018;36.624;2.616
KBPL1;10;14;04.09.2018;19.582;1.399
KBPL10;10;14;30.04.2019;67.151;4.797
KBPL10;10;14;19.03.2019;48.631;3.474
KBPL10;10;9;20.12.2019;8.662;0.962
KBPL10;10;14;16.04.2019;91.684;6.549
KBPL10;10;14;02.04.2019;82.962;5.926
KBPL10;10;14;02.10.2019;43.493;3.107
KBPL10;10;11;24.07.2019;22.711;2.065
KBPL10;10;14;04.09.2019;71.447;5.103
KBPL10;10;14;21.08.2018;62.155;4.440
KBPL10;10;14;18.09.2018;13.408;0.958
KBPL10;10;13;26.11.2019;21.936;1.687
KBPL10;10;14;16.10.2019;21.550;1.539
KBPL10;10;15;11.12.2019;25.060;1.671
KBPL10;10;14;05.03.2019;26.798;1.914
KBPL10;10;14;13.07.2019;39.225;2.802
KBPL10;10;14;19.02.2019;11.660;0.833
KBPL10;10;14;07.08.2019;36.656;2.618
KBPL10;9;68;28.02.2020;49.206;0.724
KBPL10;10;14;30.10.2019;39.989;2.856
KBPL10;10;14;28.06.2019;45.018;3.216
KBPL10;10;14;18.09.2019;28.185;2.013
KBPL10;10;14;13.11.2019;61.787;4.413
KBPL10;10;14;21.08.2019;22.831;1.631
KBPL10;10;14;08.01.2019;29.752;2.125
KBPL10;10;28;05.02.2019;100.414;3.586
KBPL10;10;14;04.09.2018;33.769;2.412
KBPL10;10;14;28.05.2019;89.374;6.384
KBPL10;10;14;14.05.2019;29.444;2.103
KBPL10;10;14;16.06.2019;24.154;1.725
KBPL11;10;14;21.08.2019;32.569;2.326
KBPL11;10;28;14.05.2019;70.754;2.527
KBPL11;10;14;30.10.2019;44.197;3.157
KBPL11;10;14;16.06.2019;31.561;2.254
KBPL11;10;14;28.05.2019;42.597;3.043
KBPL11;10;9;20.12.2019;24.179;2.687
KBPL11;10;14;04.09.2018;23.001;1.643
KBPL11;10;11;24.07.2019;37.622;3.420
KBPL11;10;14;04.09.2019;34.455;2.461
KBPL11;10;14;16.10.2019;50.662;3.619
KBPL11;10;14;18.09.2018;23.823;1.702
KBPL11;10;14;28.06.2019;35.541;2.539
KBPL11;10;14;05.03.2019;31.178;2.227
KBPL11;10;14;13.11.2019;34.720;2.480
KBPL11;10;28;05.02.2019;91.907;3.282
KBPL11;10;14;08.01.2019;29.954;2.140
KBPL11;10;14;21.08.2018;58.673;4.191
KBPL11;10;14;02.04.2019;104.568;7.469
KBPL11;10;14;13.07.2019;32.930;2.352
KBPL11;10;14;19.03.2019;30.216;2.158
KBPL11;10;14;19.02.2019;38.606;2.758
KBPL11;10;14;02.10.2019;43.050;3.075
KBPL11;10;15;11.12.2019;49.593;3.306
KBPL11;10;14;18.09.2019;77.650;5.546
KBPL11;10;14;07.08.2019;44.841;3.203
KBPL11;10;13;26.11.2019;44.331;3.410
KBPL11;10;14;16.04.2019;79.565;5.683
KBPL11;10;68;28.02.2020;114.285;1.681
KBPL12;10;14;19.03.2019;27.035;1.931
KBPL12;10;14;02.04.2019;65.467;4.676
KBPL12;10;14;28.06.2019;27.675;1.977
KBPL12;10;14;13.07.2019;50.510;3.608
KBPL12;9;9;20.12.2019;29.272;3.252
KBPL12;9;13;26.11.2019;35.999;2.769
KBPL12;10;14;08.01.2019;31.520;2.251
KBPL12;10;28;14.05.2019;77.806;2.779
KBPL12;9;15;11.12.2019;41.637;2.776
KBPL12;10;14;16.06.2019;19.682;1.406
KBPL12;10;14;04.09.2019;36.759;2.626
KBPL12;10;14;28.05.2019;57.045;4.075
KBPL12;10;14;18.09.2018;22.286;1.592
KBPL12;10;14;16.10.2019;24.986;1.785
KBPL12;10;28;05.02.2019;58.475;2.088
KBPL12;10;14;21.08.2019;38.280;2.734
KBPL12;10;14;30.10.2019;31.299;2.236
KBPL12;10;14;07.08.2019;39.522;2.823
KBPL12;10;14;21.08.2018;53.114;3.794
KBPL12;10;14;04.09.2018;44.728;3.195
KBPL12;10;14;02.10.2019;30.032;2.145
KBPL12;10;14;13.11.2019;32.519;2.323
KBPL12;10;14;19.02.2019;29.554;2.111
KBPL12;10;14;18.09.2019;21.069;1.505
KBPL12;9;68;28.02.2020;80.141;1.179
KBPL12;10;14;05.03.2019;38.401;2.743
KBPL12;10;14;16.04.2019;73.185;5.227
KBPL12;10;11;24.07.2019;34.137;3.103
KBPL13;10;14;19.03.2019;56.465;4.033
KBPL13;10;14;02.04.2019;86.331;6.166
KBPL13;10;14;05.03.2019;48.220;3.444
KBPL13;10;14;19.02.2019;45.499;3.250
KBPL13;5;14;13.07.2019;47.990;3.428
KBPL13;2;14;21.08.2019;17.321;1.237
KBPL13;8;14;16.06.2019;24.009;1.715
KBPL13;10;14;28.06.2019;22.272;1.591
KBPL13;10;14;16.04.2019;30.902;2.207
KBPL13;10;28;05.02.2019;102.686;3.667
KBPL13;10;14;28.05.2019;37.884;2.706
KBPL13;10;14;14.05.2019;21.454;1.532
KBPL13;10;14;30.04.2019;49.823;3.559
KBPL13;2;14;07.08.2019;43.241;3.089
KBPL13;2;14;04.09.2019;37.686;2.692
KBPL14;10;14;28.05.2019;48.227;3.445
KBPL14;8;15;11.12.2019;45.780;3.052
KBPL14;10;14;30.04.2019;40.297;2.878
KBPL14;10;14;07.08.2019;37.537;2.681
KBPL14;10;14;19.03.2019;21.012;1.501
KBPL14;8;68;28.02.2020;129.255;1.901
KBPL14;10;14;14.05.2019;33.751;2.411
KBPL14;8;14;18.09.2019;54.936;3.924
KBPL14;10;14;05.03.2019;36.479;2.606
KBPL14;8;14;13.11.2019;30.604;2.186
KBPL14;10;14;13.07.2019;73.298;5.236
KBPL14;10;14;21.08.2019;27.396;1.957
KBPL14;10;14;08.01.2019;52.572;3.755
KBPL14;10;14;19.02.2019;28.436;2.031
KBPL14;7;14;02.10.2019;37.832;2.702
KBPL14;10;14;02.04.2019;63.786;4.556
KBPL14;10;14;16.04.2019;47.183;3.370
KBPL14;8;14;30.10.2019;32.825;2.345
KBPL14;10;11;24.07.2019;25.945;2.359
KBPL14;10;14;28.06.2019;56.890;4.064
KBPL14;8;13;26.11.2019;39.561;3.043
KBPL14;10;14;16.06.2019;43.776;3.127
KBPL14;10;28;05.02.2019;128.553;4.591
KBPL14;7;14;16.10.2019;22.955;1.640
KBPL14;8;9;20.12.2019;24.022;2.669
KBPL14;10;14;04.09.2019;73.447;5.246
KBPL15;10;14;16.06.2019;36.444;2.603
KBPL15;10;14;07.08.2019;32.396;2.314
KBPL15;10;13;26.11.2019;30.219;2.325
KBPL15;10;28;05.02.2019;114.848;4.102
KBPL15;10;14;28.06.2019;47.127;3.366
KBPL15;10;14;28.05.2019;42.173;3.012
KBPL15;10;14;14.05.2019;23.620;1.687
KBPL15;9;14;18.09.2019;54.883;3.920
KBPL15;10;14;19.03.2019;27.116;1.937
KBPL15;10;14;30.04.2019;30.952;2.211
KBPL15;10;14;08.01.2019;36.426;2.602
KBPL15;10;14;05.03.2019;33.818;2.416
KBPL15;10;14;13.07.2019;35.188;2.513
KBPL15;7;68;28.02.2020;134.021;1.971
KBPL15;10;14;21.08.2019;27.488;1.963
KBPL15;10;14;13.11.2019;34.197;2.443
KBPL15;10;14;02.04.2019;58.033;4.145
KBPL15;9;14;16.10.2019;22.328;1.595
KBPL15;10;14;19.02.2019;38.117;2.723
KBPL15;10;15;11.12.2019;25.400;1.693
KBPL15;9;14;02.10.2019;31.662;2.262
KBPL15;10;11;24.07.2019;23.917;2.174
KBPL15;10;14;04.09.2019;42.753;3.054
KBPL15;10;14;30.10.2019;22.810;1.629
KBPL15;10;14;16.04.2019;29.805;2.129
KBPL15;10;9;20.12.2019;23.206;2.578
KBPL16;10;11;24.07.2019;29.943;2.722
KBPL16;6;15;11.12.2019;48.461;3.231
KBPL16;10;14;16.06.2019;50.860;3.633
KBPL16;6;13;26.11.2019;17.935;1.380
KBPL16;10;14;07.08.2019;41.557;2.968
KBPL16;6;14;13.11.2019;59.395;4.242
KBPL16;7;14;16.10.2019;17.314;1.237
KBPL16;10;14;19.02.2019;27.544;1.967
KBPL16;10;14;14.05.2019;42.979;3.070
KBPL16;10;14;30.04.2019;50.605;3.615
KBPL16;10;28;05.02.2019;102.268;3.652
KBPL16;6;14;30.10.2019;18.247;1.303
KBPL16;9;14;18.09.2019;28.159;2.011
KBPL16;10;14;13.07.2019;53.266;3.805
KBPL16;10;14;19.03.2019;29.975;2.141
KBPL16;10;14;02.04.2019;57.997;4.143
KBPL16;10;14;28.06.2019;43.057;3.076
KBPL16;10;14;05.03.2019;53.825;3.845
KBPL16;10;14;21.08.2019;34.413;2.458
KBPL16;6;9;20.12.2019;22.959;2.551
KBPL16;6;14;02.10.2019;24.251;1.732
KBPL16;10;14;04.09.2019;51.515;3.680
KBPL16;6;68;28.02.2020;106.051;1.560
KBPL16;10;14;16.04.2019;83.577;5.970
KBPL16;10;14;28.05.2019;57.870;4.134
KBPL2;10;14;04.09.2018;60.633;4.331
KBPL2;10;14;21.08.2018;104.586;7.470
KBPL2;10;14;18.09.2018;40.835;2.917
KBPL3;10;14;21.08.2018;95.177;6.798
KBPL3;10;14;04.09.2018;34.866;2.490
KBPL3;10;14;18.09.2018;76.663;5.476
KBPL4;10;14;21.08.2018;59.717;4.265
KBPL4;10;14;18.09.2018;32.272;2.305
KBPL4;10;14;04.09.2018;33.570;2.398
KBPL5;10;14;21.08.2018;131.826;9.416
KBPL5;10;14;18.09.2018;59.260;4.233
KBPL5;10;14;04.09.2018;39.239;2.803
KBPL6;9;13;13.11.2019;29.873;2.298
KBPL6;10;14;07.08.2019;44.982;3.213
KBPL6;9;9;20.12.2019;13.120;1.458
KBPL6;10;11;24.07.2019;20.750;1.886
KBPL6;10;14;13.07.2019;33.648;2.403
KBPL6;10;14;18.09.2019;35.241;2.517
KBPL6;9;15;11.12.2019;38.338;2.556
KBPL6;9;13;26.11.2019;36.526;2.810
KBPL6;10;14;21.08.2018;86.653;6.189
KBPL6;10;14;14.05.2019;40.403;2.886
KBPL6;10;14;21.08.2019;33.397;2.386
KBPL6;10;14;08.01.2019;27.023;1.930
KBPL6;10;14;18.09.2018;31.943;2.282
KBPL6;10;14;05.03.2019;81.327;5.809
KBPL6;10;14;28.06.2019;36.270;2.591
KBPL6;10;28;05.02.2019;147.523;5.269
KBPL6;9;14;30.10.2019;43.375;3.098
KBPL6;9;68;28.02.2020;150.704;2.216
KBPL6;10;14;02.04.2019;76.072;5.434
KBPL6;10;14;04.09.2018;71.960;5.140
KBPL6;10;14;19.03.2019;76.072;5.434
KBPL6;9;14;02.10.2019;101.360;7.240
KBPL6;10;14;04.09.2019;57.438;4.103
KBPL6;10;14;16.04.2019;79.625;5.687
KBPL6;10;14;28.05.2019;41.511;2.965
KBPL6;9;14;16.10.2019;32.681;2.334
KBPL6;10;14;30.04.2019;70.902;5.064
KBPL6;10;14;16.06.2019;29.271;2.091
KBPL7;10;14;04.09.2018;34.575;2.470
KBPL7;10;14;21.08.2018;101.224;7.230
KBPL7;10;14;18.09.2018;20.948;1.496
KBPL8;10;14;21.08.2018;114.172;8.155
KBPL8;10;14;04.09.2018;79.059;5.647
KBPL8;10;14;18.09.2018;38.018;2.716
KBPL9;10;14;18.09.2018;29.749;2.125
KBPL9;10;14;21.08.2018;107.698;7.693
KBPL9;10;14;04.09.2018;62.473;4.462
NPL1;10;14;02.10.2018;17.176;1.227
NPL1;10;16;07.08.2018;21.125;1.320
NPL1;10;14;19.02.2019;41.493;2.964
NPL1;10;13;12.11.2018;31.433;2.418
NPL1;10;14;24.12.2018;10.076;0.720
NPL1;10;14;04.09.2018;19.904;1.422
NPL1;10;14;08.12.2019;237.180;16.941
NPL1;10;14;18.07.2019;26.599;1.900
NPL1;10;14;19.03.2019;43.740;3.124
NPL1;10;14;05.03.2019;20.255;1.447
NPL1;10;14;03.07.2019;22.254;1.590
NPL1;10;14;17.06.2019;15.180;1.084
NPL1;10;17;03.06.2019;18.340;1.079
NPL1;10;14;04.09.2019;19.533;1.395
NPL1;10;14;19.09.2019;36.444;2.603
NPL1;10;32;21.02.2020;67.976;2.124
NPL1;10;14;08.11.2019;61.274;4.377
NPL1;10;14;30.10.2018;39.473;2.819
NPL1;10;14;18.09.2018;42.413;3.030
NPL1;10;14;06.08.2019;23.103;1.650
NPL1;10;14;03.04.2019;80.602;5.757
NPL1;10;14;08.01.2019;20.124;1.437
NPL1;10;14;27.11.2018;66.925;4.780
NPL1;10;14;24.11.2019;59.745;4.268
NPL1;10;14;22.10.2019;26.047;1.861
NPL1;10;14;06.08.2019;44.320;3.166
NPL1;10;14;11.12.2018;13.574;0.970
NPL1;10;14;21.08.2019;28.871;2.062
NPL1;10;14;05.02.2019;20.092;1.435
NPL1;10;14;05.01.2020;16.879;1.206
NPL1;10;43;16.05.2019;53.390;1.242
NPL1;10;14;21.08.2018;27.332;1.952
NPL1;10;14;22.12.2019;33.570;2.398
NPL1;10;14;21.07.2018;118.549;8.468
NPL1;10;14;19.01.2020;15.495;1.107
NPL1;10;14;22.01.2019;12.477;0.891
NPL1;10;14;07.10.2019;27.551;1.968
NPL1;10;14;16.10.2018;24.214;1.730
NPL10;10;14;24.12.2018;13.457;0.961
NPL10;10;14;22.01.2019;19.710;1.408
NPL10;10;14;02.10.2018;20.382;1.456
NPL10;10;14;08.12.2019;34.483;2.463
NPL10;10;14;05.02.2019;19.710;1.408
NPL10;10;14;03.04.2019;297.137;21.224
NPL10;10;14;21.08.2018;23.698;1.693
NPL10;10;14;18.09.2018;29.285;2.092
NPL10;10;14;05.01.2020;22.438;1.603
NPL10;10;17;03.06.2019;53.270;3.134
NPL10;10;14;08.01.2019;25.071;1.791
NPL10;10;14;07.10.2019;36.798;2.628
NPL10;10;14;19.09.2019;47.757;3.411
NPL10;10;14;04.09.2018;33.195;2.371
NPL10;10;14;03.07.2019;31.960;2.283
NPL10;10;14;19.01.2020;34.968;2.498
NPL10;10;14;04.09.2019;30.913;2.208
NPL10;10;14;05.03.2019;28.616;2.044
NPL10;10;14;18.07.2019;30.432;2.174
NPL10;10;14;17.06.2019;32.714;2.337
NPL10;10;14;16.10.2018;18.691;1.335
NPL10;10;14;21.08.2019;29.278;2.091
NPL10;10;14;24.11.2019;26.203;1.872
NPL10;10;14;19.02.2019;21.419;1.530
NPL10;10;14;06.08.2019;32.558;2.326
NPL10;10;32;21.02.2020;119.317;3.729
NPL10;10;14;08.11.2019;53.677;3.834
NPL10;10;14;30.10.2018;79.222;5.659
NPL10;10;43;16.05.2019;82.686;1.923
NPL10;10;14;22.10.2019;23.093;1.649
NPL10;10;16;07.08.2018;26.929;1.683
NPL10;10;13;12.11.2018;49.501;3.808
NPL10;10;14;21.07.2018;121.780;8.699
NPL10;10;14;19.03.2019;87.785;6.270
NPL10;10;14;22.12.2019;26.699;1.907
NPL10;10;14;27.11.2018;27.144;1.939
NPL10;10;14;11.12.2018;14.200;1.014
NPL11;10;14;11.12.2018;27.035;1.931
NPL11;10;43;16.05.2019;63.093;1.467
NPL11;10;14;27.11.2018;32.095;2.292
NPL11;10;14;19.03.2019;94.940;6.781
NPL11;10;14;03.04.2019;101.674;7.262
NPL11;10;14;24.12.2018;11.923;0.852
NPL11;10;14;22.01.2019;13.988;0.999
NPL11;10;14;21.08.2018;25.064;1.790
NPL11;10;14;08.12.2019;22.272;1.591
NPL11;10;14;04.09.2018;77.389;5.528
NPL11;10;14;07.10.2019;37.251;2.661
NPL11;10;14;02.10.2018;22.767;1.626
NPL11;10;14;05.01.2020;18.089;1.292
NPL11;10;14;03.07.2019;24.207;1.729
NPL11;10;14;04.09.2019;18.054;1.290
NPL11;10;14;08.01.2019;24.278;1.734
NPL11;10;17;03.06.2019;46.557;2.739
NPL11;10;14;16.10.2018;21.189;1.513
NPL11;10;14;19.09.2019;42.176;3.013
NPL11;10;14;24.11.2019;34.544;2.467
NPL11;10;14;17.06.2019;22.926;1.638
NPL11;10;14;21.08.2019;24.533;1.752
NPL11;10;14;08.11.2019;270.216;19.301
NPL11;10;14;05.02.2019;18.570;1.326
NPL11;10;14;19.02.2019;16.433;1.174
NPL11;10;14;18.07.2019;21.532;1.538
NPL11;10;16;07.08.2018;24.805;1.550
NPL11;10;14;30.10.2018;40.180;2.870
NPL11;10;14;18.09.2018;46.507;3.322
NPL11;10;14;06.08.2019;22.353;1.597
NPL11;10;14;21.07.2018;98.450;7.032
NPL11;10;14;22.10.2019;33.790;2.414
NPL11;10;14;05.03.2019;16.762;1.197
NPL11;10;32;21.02.2020;66.610;2.082
NPL11;10;14;19.01.2020;21.603;1.543
NPL11;10;13;12.11.2018;30.959;2.381
NPL11;10;14;22.12.2019;24.147;1.725
NPL12;10;14;30.10.2018;33.984;2.427
NPL12;10;14;11.12.2018;14.820;1.059
NPL12;3;14;21.08.2019;21.739;1.553
NPL12;10;13;12.11.2018;25.340;1.949
NPL12;10;14;16.10.2018;22.166;1.583
NPL12;10;14;04.09.2018;36.522;2.609
NPL12;10;14;05.03.2019;18.528;1.323
NPL12;10;14;19.03.2019;53.401;3.814
NPL12;10;17;03.06.2019;35.626;2.096
NPL12;10;14;24.12.2018;17.203;1.229
NPL12;10;43;16.05.2019;74.409;1.730
NPL12;10;14;18.07.2019;147.742;10.553
NPL12;10;14;22.01.2019;19.869;1.419
NPL12;10;14;08.11.2019;67.891;4.849
NPL12;10;14;03.04.2019;69.335;4.952
NPL12;10;14;21.08.2018;25.948;1.853
NPL12;10;14;07.10.2019;37.884;2.706
NPL12;10;14;27.11.2018;16.684;1.192
NPL12;10;14;17.06.2019;27.785;1.985
NPL12;10;14;22.12.2019;48.245;3.446
NPL12;10;14;02.10.2018;24.628;1.759
NPL12;10;14;08.12.2019;28.018;2.001
NPL12;10;14;05.01.2020;58.305;4.165
NPL12;3;14;04.09.2019;14.154;1.011
NPL12;10;14;19.09.2019;24.529;1.752
NPL12;10;16;07.08.2018;35.386;2.212
NPL12;10;14;05.02.2019;24.975;1.784
NPL12;10;14;18.09.2018;38.153;2.725
NPL12;10;14;08.01.2019;26.950;1.925
NPL12;10;14;21.07.2018;170.552;12.182
NPL12;10;14;03.07.2019;31.875;2.277
NPL12;10;14;22.10.2019;24.045;1.717
NPL12;10;14;06.08.2019;33.294;2.378
NPL12;10;32;21.02.2020;87.714;2.741
NPL12;10;14;19.01.2020;51.178;3.656
NPL12;10;14;24.11.2019;38.609;2.758
NPL12;10;14;19.02.2019;15.633;1.117
NPL2;10;14;05.01.2020;11.023;0.787
NPL2;10;14;02.10.2018;61.833;4.417
NPL2;10;14;16.10.2018;61.801;4.414
NPL2;10;14;08.01.2019;33.008;2.358
NPL2;10;16;07.08.2018;73.355;4.585
NPL2;10;14;21.07.2018;100.754;7.197
NPL2;10;14;24.12.2018;26.524;1.895
NPL2;10;14;21.08.2018;27.771;1.984
NPL2;10;14;03.04.2019;129.940;9.281
NPL2;10;14;22.12.2019;16.221;1.159
NPL2;10;14;19.02.2019;28.351;2.025
NPL2;10;14;19.01.2020;12.435;0.888
NPL2;10;32;21.02.2020;51.518;1.610
NPL2;10;14;18.07.2019;34.572;2.469
NPL2;10;14;17.06.2019;24.317;1.737
NPL2;10;14;19.09.2019;134.066;9.576
NPL2;10;14;04.09.2018;33.715;2.408
NPL2;10;14;04.09.2019;25.747;1.839
NPL2;10;14;19.03.2019;53.967;3.855
NPL2;10;14;22.10.2019;21.419;1.530
NPL2;10;14;30.10.2018;46.331;3.309
NPL2;10;14;08.11.2019;31.362;2.240
NPL2;10;14;03.07.2019;37.657;2.690
NPL2;10;14;22.01.2019;34.823;2.487
NPL2;10;17;03.06.2019;87.219;5.131
NPL2;10;14;18.09.2018;76.005;5.429
NPL2;10;14;05.03.2019;32.792;2.342
NPL2;10;14;07.10.2019;31.801;2.272
NPL2;10;14;08.12.2019;18.914;1.351
NPL2;10;14;11.12.2018;17.219;1.230
NPL2;10;14;21.08.2019;39.887;2.849
NPL2;10;14;27.11.2018;24.685;1.763
NPL2;10;13;12.11.2018;46.391;3.569
NPL2;10;14;24.11.2019;31.341;2.239
NPL2;10;43;16.05.2019;80.998;1.884
NPL2;10;14;05.02.2019;27.488;1.963
NPL3;10;14;18.09.2018;73.496;5.250
NPL3;10;14;17.06.2019;18.082;1.292
NPL3;10;14;19.09.2019;79.533;5.681
NPL3;10;14;19.02.2019;78.330;5.595
NPL3;10;14;24.12.2018;60.764;4.340
NPL3;10;16;07.08.2018;39.632;2.477
NPL3;10;14;02.10.2018;41.975;2.998
NPL3;10;14;06.08.2019;27.378;1.956
NPL3;10;14;08.11.2019;58.574;4.184
NPL3;10;14;24.11.2019;37.534;2.681
NPL3;10;14;19.03.2019;85.892;6.135
NPL3;10;14;05.02.2019;65.241;4.660
NPL3;10;14;08.12.2019;27.438;1.960
NPL3;10;14;03.04.2019;79.296;5.664
NPL3;10;17;03.06.2019;27.813;1.636
NPL3;10;14;21.07.2018;146.292;10.449
NPL3;10;14;19.01.2020;16.497;1.178
NPL3;10;14;16.10.2018;73.482;5.249
NPL3;10;14;21.08.2019;25.796;1.843
NPL3;10;32;21.02.2020;83.040;2.595
NPL3;10;14;21.08.2018;28.390;2.028
NPL3;10;14;22.12.2019;28.815;2.058
NPL3;10;14;30.10.2018;66.214;4.730
NPL3;10;14;04.09.2019;24.225;1.730
NPL3;10;14;05.01.2020;18.585;1.327
NPL3;10;14;22.10.2019;23.110;1.651
NPL3;10;14;18.07.2019;35.230;2.516
NPL3;10;14;11.12.2018;28.875;2.062
NPL3;10;14;05.03.2019;123.783;8.842
NPL3;10;43;16.05.2019;130.952;3.045
NPL3;10;14;08.01.2019;44.880;3.206
NPL3;10;14;04.09.2018;30.375;2.170
NPL3;10;14;22.01.2019;15.934;1.138
NPL3;10;14;27.11.2018;34.692;2.478
NPL3;10;14;03.07.2019;34.582;2.470
NPL3;10;14;07.10.2019;33.001;2.357
NPL3;10;13;12.11.2018;34.643;2.665
NPL4;10;14;07.10.2019;26.016;1.858
NPL4;10;14;05.02.2019;37.562;2.683
NPL4;10;14;04.09.2019;32.031;2.288
NPL4;10;14;19.09.2019;46.504;3.322
NPL4;10;14;04.09.2018;30.046;2.146
NPL4;10;14;18.09.2018;59.858;4.276
NPL4;10;14;22.10.2019;22.042;1.574
NPL4;10;14;22.12.2019;14.908;1.065
NPL4;10;14;24.12.2018;26.370;1.884
NPL4;10;14;05.03.2019;27.197;1.943
NPL4;10;14;18.07.2019;34.367;2.455
NPL4;10;14;19.02.2019;24.823;1.773
NPL4;10;14;17.06.2019;23.627;1.688
NPL4;10;14;27.11.2018;29.441;2.103
NPL4;10;14;19.03.2019;35.244;2.517
NPL4;10;17;03.06.2019;40.410;2.377
NPL4;10;14;08.12.2019;21.621;1.544
NPL4;10;14;24.11.2019;36.175;2.584
NPL4;10;14;30.10.2018;46.200;3.300
NPL4;10;14;19.01.2020;17.661;1.262
NPL4;10;14;16.10.2018;88.517;6.323
NPL4;10;14;21.08.2018;30.396;2.171
NPL4;10;14;03.07.2019;32.838;2.346
NPL4;10;14;02.10.2018;35.683;2.549
NPL4;10;16;07.08.2018;32.236;2.015
NPL4;10;32;21.02.2020;52.951;1.655
NPL4;10;14;21.07.2018;149.784;10.699
NPL4;10;14;08.11.2019;48.464;3.462
NPL4;10;13;12.11.2018;39.041;3.003
NPL4;10;14;11.12.2018;18.117;1.294
NPL4;10;14;21.08.2019;39.611;2.829
NPL4;10;14;05.01.2020;17.180;1.227
NPL4;10;14;22.01.2019;18.355;1.311
NPL4;10;43;16.05.2019;102.866;2.392
NPL4;10;14;08.01.2019;27.884;1.992
NPL4;10;14;06.08.2019;69.989;4.999
NPL4;10;14;03.04.2019;43.634;3.117
NPL5;10;14;08.11.2019;63.592;4.542
NPL5;10;14;11.12.2018;21.812;1.558
NPL5;10;14;06.08.2019;25.326;1.809
NPL5;10;14;19.03.2019;74.140;5.296
NPL5;10;14;04.09.2019;88.330;6.309
NPL5;10;14;05.02.2019;66.971;4.784
NPL5;10;14;04.09.2018;31.373;2.241
NPL5;10;14;22.01.2019;31.115;2.222
NPL5;10;14;08.12.2019;18.347;1.311
NPL5;10;14;22.12.2019;16.943;1.210
NPL5;10;14;05.01.2020;20.156;1.440
NPL5;10;43;16.05.2019;138.443;3.220
NPL5;10;14;07.10.2019;33.953;2.425
NPL5;10;14;27.11.2018;28.167;2.012
NPL5;10;17;03.06.2019;55.311;3.254
NPL5;10;14;02.10.2018;49.809;3.558
NPL5;10;14;24.11.2019;27.484;1.963
NPL5;10;14;08.01.2019;44.448;3.175
NPL5;10;14;19.09.2019;39.515;2.823
NPL5;10;14;03.04.2019;147.282;10.520
NPL5;10;14;16.10.2018;53.192;3.799
NPL5;10;16;07.08.2018;41.684;2.605
NPL5;10;14;03.07.2019;61.338;4.381
NPL5;10;14;05.03.2019;55.860;3.990
NPL5;10;14;21.07.2018;132.350;9.454
NPL5;10;32;21.02.2020;64.183;2.006
NPL5;10;13;12.11.2018;37.045;2.850
NPL5;10;14;22.10.2019;40.294;2.878
NPL5;10;14;19.01.2020;21.486;1.535
NPL5;10;14;21.08.2019;49.140;3.510
NPL5;10;14;30.10.2018;48.843;3.489
NPL5;10;14;17.06.2019;32.647;2.332
NPL5;10;14;18.09.2018;93.694;6.692
NPL5;10;14;19.02.2019;37.764;2.697
NPL5;10;14;21.08.2018;30.375;2.170
NPL5;10;14;24.12.2018;19.829;1.416
NPL5;10;14;18.07.2019;45.028;3.216
NPL6;10;14;24.11.2019;30.287;2.163
NPL6;10;13;12.11.2018;25.609;1.970
NPL6;10;14;18.07.2019;36.454;2.604
NPL6;10;14;22.10.2019;106.543;7.610
NPL6;10;14;08.11.2019;29.137;2.081
NPL6;10;14;21.08.2019;31.249;2.232
NPL6;10;14;08.12.2019;60.556;4.325
NPL6;10;14;06.08.2019;25.789;1.842
NPL6;10;14;24.12.2018;6.038;0.431
NPL6;10;14;21.08.2018;24.993;1.785
NPL6;10;14;05.01.2020;18.758;1.340
NPL6;10;14;27.11.2018;19.805;1.415
NPL6;10;14;07.10.2019;26.023;1.859
NPL6;6;14;04.09.2019;16.254;1.161
NPL6;10;14;22.12.2019;18.938;1.353
NPL6;10;14;02.10.2018;30.113;2.151
NPL6;10;14;03.04.2019;64.133;4.581
NPL6;10;14;19.03.2019;51.493;3.678
NPL6;10;14;22.01.2019;7.753;0.554
NPL6;10;14;08.01.2019;9.979;0.713
NPL6;10;16;07.08.2018;40.587;2.537
NPL6;10;14;11.12.2018;11.614;0.830
NPL6;10;14;30.10.2018;53.882;3.849
NPL6;10;43;16.05.2019;68.531;1.594
NPL6;10;17;03.06.2019;33.429;1.966
NPL6;10;32;21.02.2020;48.574;1.518
NPL6;10;14;18.09.2018;90.803;6.486
NPL6;10;14;21.07.2018;155.117;11.080
NPL6;10;14;03.07.2019;26.164;1.869
NPL6;10;14;05.03.2019;31.783;2.270
NPL6;10;14;19.01.2020;12.512;0.894
NPL6;6;14;19.09.2019;28.934;2.067
NPL6;10;14;05.02.2019;19.002;1.357
NPL6;10;14;19.02.2019;11.444;0.817
NPL6;10;14;17.06.2019;20.839;1.488
NPL6;10;14;16.10.2018;23.422;1.673
NPL6;10;14;04.09.2018;34.370;2.455
NPL7;10;14;04.09.2019;23.769;1.698
NPL7;10;14;19.01.2020;21.302;1.522
NPL7;10;14;05.03.2019;21.465;1.533
NPL7;10;14;11.12.2018;17.367;1.241
NPL7;10;14;30.10.2018;43.047;3.075
NPL7;10;14;22.10.2019;20.672;1.477
NPL7;10;14;24.11.2019;36.139;2.581
NPL7;10;14;16.10.2018;51.108;3.651
NPL7;10;14;17.06.2019;21.798;1.557
NPL7;10;14;21.08.2019;17.866;1.276
NPL7;10;14;18.07.2019;25.028;1.788
NPL7;10;14;19.09.2019;60.789;4.342
NPL7;10;14;03.07.2019;30.071;2.148
NPL7;10;13;12.11.2018;74.696;5.746
NPL7;10;14;08.11.2019;142.753;10.197
NPL7;10;14;19.02.2019;9.766;0.698
NPL7;10;14;24.12.2018;24.301;1.736
NPL7;10;14;06.08.2019;20.559;1.469
NPL7;10;14;18.09.2018;35.131;2.509
NPL7;10;14;08.12.2019;33.301;2.379
NPL7;10;14;22.12.2019;28.574;2.041
NPL7;10;32;21.02.2020;63.454;1.983
NPL7;10;16;07.08.2018;25.372;1.586
NPL7;10;14;03.04.2019;109.253;7.804
NPL7;10;14;19.03.2019;23.765;1.698
NPL7;10;14;21.07.2018;232.820;16.630
NPL7;10;14;22.01.2019;14.972;1.069
NPL7;10;43;16.05.2019;125.938;2.929
NPL7;10;17;03.06.2019;40.099;2.359
NPL7;10;14;04.09.2018;34.490;2.464
NPL7;10;14;05.01.2020;19.575;1.398
NPL7;10;14;21.08.2018;24.176;1.727
NPL7;10;14;07.10.2019;29.568;2.112
NPL7;10;14;27.11.2018;22.721;1.623
NPL7;10;14;05.02.2019;29.961;2.140
NPL7;10;14;08.01.2019;28.988;2.071
NPL7;10;14;02.10.2018;20.665;1.476
NPL8;10;14;03.07.2019;38.015;2.715
NPL8;10;14;21.08.2018;23.677;1.691
NPL8;10;14;22.12.2019;34.080;2.434
NPL8;10;14;08.01.2019;25.952;1.854
NPL8;10;14;02.10.2018;29.738;2.124
NPL8;10;14;03.04.2019;81.971;5.855
NPL8;10;14;24.11.2019;34.098;2.436
NPL8;10;13;12.11.2018;57.332;4.410
NPL8;10;14;04.09.2019;29.692;2.121
NPL8;10;14;18.07.2019;24.866;1.776
NPL8;10;14;22.10.2019;18.740;1.339
NPL8;10;14;17.06.2019;23.613;1.687
NPL8;10;14;05.02.2019;22.212;1.587
NPL8;10;14;19.02.2019;11.490;0.821
NPL8;10;14;27.11.2018;21.713;1.551
NPL8;10;14;11.12.2018;19.052;1.361
NPL8;10;14;24.12.2018;13.924;0.995
NPL8;10;14;06.08.2019;20.513;1.465
NPL8;10;14;08.12.2019;33.436;2.388
NPL8;10;14;21.08.2019;26.999;1.929
NPL8;10;43;16.05.2019;79.306;1.844
NPL8;10;14;18.09.2018;47.350;3.382
NPL8;10;14;08.11.2019;44.993;3.214
NPL8;10;32;21.02.2020;56.069;1.752
NPL8;10;16;07.08.2018;28.910;1.807
NPL8;10;14;22.01.2019;17.017;1.215
NPL8;10;14;05.03.2019;20.941;1.496
NPL8;10;14;19.03.2019;66.829;4.774
NPL8;10;14;05.01.2020;28.057;2.004
NPL8;10;14;30.10.2018;48.294;3.450
NPL8;10;14;21.07.2018;129.466;9.248
NPL8;10;14;04.09.2018;24.299;1.736
NPL8;10;14;16.10.2018;28.546;2.039
NPL8;10;14;19.09.2019;40.248;2.875
NPL8;10;14;19.01.2020;21.161;1.511
NPL8;10;17;03.06.2019;32.587;1.917
NPL8;10;14;07.10.2019;33.836;2.417
NPL9;10;43;16.05.2019;80.577;1.874
NPL9;10;14;04.09.2019;26.493;1.892
NPL9;10;14;19.02.2019;45.754;3.268
NPL9;10;14;05.03.2019;29.434;2.102
NPL9;10;14;03.07.2019;34.317;2.451
NPL9;10;14;19.01.2020;35.796;2.557
NPL9;10;14;19.03.2019;103.128;7.366
NPL9;10;14;17.06.2019;28.022;2.002
NPL9;10;14;22.10.2019;16.331;1.166
NPL9;10;14;04.09.2018;32.091;2.292
NPL9;10;17;03.06.2019;62.944;3.703
NPL9;10;14;16.10.2018;55.793;3.985
NPL9;10;14;24.12.2018;11.981;0.856
NPL9;10;14;06.08.2019;38.620;2.759
NPL9;10;32;21.02.2020;115.977;3.624
NPL9;10;14;22.12.2019;24.745;1.768
NPL9;10;14;18.07.2019;42.933;3.067
NPL9;10;14;05.02.2019;44.827;3.202
NPL9;10;13;12.11.2018;25.081;1.929
NPL9;10;14;21.08.2018;36.217;2.587
NPL9;10;14;19.09.2019;48.751;3.482
NPL9;10;16;07.08.2018;35.970;2.248
NPL9;10;14;03.04.2019;75.591;5.399
NPL9;10;14;22.01.2019;20.060;1.433
NPL9;10;14;07.10.2019;34.176;2.441
NPL9;10;14;18.09.2018;95.007;6.786
NPL9;10;14;27.11.2018;20.846;1.489
NPL9;10;14;08.11.2019;46.989;3.356
NPL9;10;14;21.07.2018;108.712;7.765
NPL9;10;14;30.10.2018;47.477;3.391
NPL9;10;14;11.12.2018;13.765;0.983
NPL9;10;14;05.01.2020;26.058;1.861
NPL9;10;14;08.12.2019;31.369;2.241
NPL9;10;14;21.08.2019;44.331;3.167
NPL9;10;14;08.01.2019;33.956;2.425
NPL9;10;14;24.11.2019;38.259;2.733
NPL9;10;14;02.10.2018;40.276;2.877
UPL1;8;14;18.09.2019;69.887;4.992
UPL1;10;14;22.08.2018;31.493;2.250
UPL1;10;14;14.05.2019;31.493;2.250
UPL1;10;14;02.10.2018;135.173;9.655
UPL1;10;14;20.08.2019;56.263;4.019
UPL1;10;14;14.11.2019;12.385;0.885
UPL1;10;14;05.09.2018;21.939;1.567
UPL1;10;14;05.09.2019;24.416;1.744
UPL1;10;14;19.02.2019;46.037;3.288
UPL1;10;14;19.03.2019;12.385;0.885
UPL1;10;14;10.07.2019;25.832;1.845
UPL1;10;14;17.12.2019;38.924;2.780
UPL1;10;14;30.10.2018;43.524;3.109
UPL1;10;14;30.04.2019;17.693;1.264
UPL1;10;14;19.09.2018;87.757;6.268
UPL1;10;14;31.10.2019;61.571;4.398
UPL1;10;14;25.11.2019;12.031;0.859
UPL1;10;14;25.12.2018;78.202;5.586
UPL1;10;14;05.12.2019;26.539;1.896
UPL1;10;14;02.10.2019;25.478;1.820
UPL1;7;14;03.04.2019;27.298;1.950
UPL1;10;14;05.03.2019;39.278;2.806
UPL1;10;14;27.11.2018;64.048;4.575
UPL1;10;14;16.04.2019;13.447;0.960
UPL1;10;14;05.02.2019;71.939;5.139
UPL1;10;14;12.12.2018;17.693;1.264
UPL1;10;32;19.01.2020;58.386;1.825
UPL1;9;18;07.02.2020;49.933;2.774
UPL1;10;14;08.01.2019;44.586;3.185
UPL1;10;14;28.05.2019;32.201;2.300
UPL1;10;14;22.01.2019;46.709;3.336
UPL1;10;14;10.07.2019;33.263;2.376
UPL1;10;14;16.10.2018;179.759;12.840
UPL1;9;12;19.02.2020;57.403;4.784
UPL1;10;14;13.11.2018;47.771;3.412
UPL10;10;14;16.04.2019;9.200;0.657
UPL10;10;14;05.09.2018;23.001;1.643
UPL10;10;14;16.10.2018;64.048;4.575
UPL10;10;14;18.09.2019;41.401;2.957
UPL10;10;14;19.02.2019;43.418;3.101
UPL10;10;14;30.04.2019;10.616;0.758
UPL10;10;14;14.11.2019;20.170;1.441
UPL10;10;14;13.11.2018;11.323;0.809
UPL10;10;14;19.03.2019;27.955;1.997
UPL10;10;14;17.12.2019;21.939;1.567
UPL10;10;14;12.12.2018;49.186;3.513
UPL10;10;14;31.10.2019;27.601;1.971
UPL10;10;14;05.12.2019;25.478;1.820
UPL10;10;14;10.07.2019;10.262;0.733
UPL10;10;14;05.09.2019;12.739;0.910
UPL10;10;12;19.02.2020;39.278;3.273
UPL10;10;14;25.11.2019;14.508;1.036
UPL10;10;18;07.02.2020;41.755;2.320
UPL10;10;32;19.01.2020;81.033;2.532
UPL10;10;14;25.07.2019;14.154;1.011
UPL10;10;14;22.01.2019;26.539;1.896
UPL10;10;14;27.11.2018;33.263;2.376
UPL10;10;14;25.12.2018;54.140;3.867
UPL10;10;14;02.10.2018;55.202;3.943
UPL10;10;14;14.05.2019;15.216;1.087
UPL10;10;14;08.01.2019;56.263;4.019
UPL10;10;14;05.03.2019;29.724;2.123
UPL10;10;14;28.05.2019;6.016;0.430
UPL10;10;14;20.08.2019;33.263;2.376
UPL10;9;14;03.04.2019;20.838;1.488
UPL10;10;14;22.08.2018;21.231;1.517
UPL10;10;14;05.02.2019;64.827;4.630
UPL10;10;14;30.10.2018;42.463;3.033
UPL10;10;14;02.10.2019;15.924;1.137
UPL10;10;14;19.09.2018;24.416;1.744
UPL11;10;14;19.09.2018;15.570;1.112
UPL11;10;14;10.07.2019;12.385;0.885
UPL11;10;14;16.04.2019;15.216;1.087
UPL11;10;14;18.09.2019;39.278;2.806
UPL11;10;14;19.02.2019;60.580;4.327
UPL11;10;14;16.10.2018;49.540;3.539
UPL11;10;14;05.09.2018;63.694;4.550
UPL11;10;14;19.03.2019;28.662;2.047
UPL11;10;14;12.12.2018;26.185;1.870
UPL11;10;14;05.09.2019;27.955;1.997
UPL11;10;14;14.11.2019;22.647;1.618
UPL11;10;14;17.12.2019;29.370;2.098
UPL11;10;14;30.04.2019;10.262;0.733
UPL11;10;14;02.10.2019;42.463;3.033
UPL11;10;14;13.11.2018;60.510;4.322
UPL11;10;14;05.12.2019;15.216;1.087
UPL11;10;14;25.11.2019;18.401;1.314
UPL11;9;12;19.02.2020;39.711;3.309
UPL11;10;14;27.11.2018;45.648;3.261
UPL11;10;14;22.01.2019;32.909;2.351
UPL11;9;18;07.02.2020;50.720;2.818
UPL11;10;14;25.12.2018;34.678;2.477
UPL11;10;32;19.01.2020;46.709;1.460
UPL11;10;14;14.05.2019;9.554;0.682
UPL11;10;14;08.01.2019;39.632;2.831
UPL11;10;14;28.05.2019;11.323;0.809
UPL11;10;14;02.10.2018;29.016;2.073
UPL11;10;14;05.02.2019;90.552;6.468
UPL11;10;14;03.04.2019;20.524;1.466
UPL11;10;14;05.03.2019;31.847;2.275
UPL11;10;14;31.10.2019;28.662;2.047
UPL11;10;14;25.07.2019;33.616;2.401
UPL11;10;14;20.08.2019;46.355;3.311
UPL11;10;14;22.08.2018;29.370;2.098
UPL11;10;14;30.10.2018;104.742;7.482
UPL12;10;14;05.09.2019;16.277;1.163
UPL12;10;14;19.09.2018;36.093;2.578
UPL12;10;14;20.08.2019;33.616;2.401
UPL12;10;14;22.08.2018;25.124;1.795
UPL12;10;14;05.03.2019;68.648;4.903
UPL12;10;14;16.04.2019;15.570;1.112
UPL12;10;14;19.03.2019;53.079;3.791
UPL12;10;14;19.02.2019;38.110;2.722
UPL12;10;14;10.07.2019;9.200;0.657
UPL12;10;14;18.09.2019;52.725;3.766
UPL12;10;14;16.10.2018;21.231;1.517
UPL12;10;14;05.09.2018;41.755;2.983
UPL12;10;14;12.12.2018;17.693;1.264
UPL12;10;14;25.11.2019;14.508;1.036
UPL12;10;14;31.10.2019;39.278;2.806
UPL12;9;14;03.04.2019;30.274;2.162
UPL12;10;14;13.11.2018;17.693;1.264
UPL12;10;14;27.11.2018;27.955;1.997
UPL12;10;14;22.01.2019;21.939;1.567
UPL12;10;18;07.02.2020;33.263;1.848
UPL12;10;12;19.02.2020;29.016;2.418
UPL12;10;14;17.12.2019;42.463;3.033
UPL12;10;14;14.11.2019;33.616;2.401
UPL12;10;14;25.11.2019;19.462;1.390
UPL12;10;32;19.01.2020;50.955;1.592
UPL12;10;14;25.12.2018;22.647;1.618
UPL12;10;14;14.05.2019;17.339;1.238
UPL12;10;14;30.04.2019;15.924;1.137
UPL12;10;14;08.01.2019;11.323;0.809
UPL12;10;14;28.05.2019;15.216;1.087
UPL12;10;14;05.12.2019;14.862;1.062
UPL12;10;14;02.10.2018;56.617;4.044
UPL12;10;14;05.02.2019;40.198;2.871
UPL12;10;14;30.10.2018;32.555;2.325
UPL12;10;14;25.07.2019;50.248;3.589
UPL2;10;14;22.08.2018;26.539;1.896
UPL2;10;14;18.09.2019;28.662;2.047
UPL2;10;14;20.08.2019;48.478;3.463
UPL2;10;14;05.09.2019;15.924;1.137
UPL2;10;14;14.11.2019;16.277;1.163
UPL2;10;14;13.11.2018;62.987;4.499
UPL2;10;14;05.09.2018;31.493;2.250
UPL2;10;14;14.05.2019;19.462;1.390
UPL2;10;14;16.10.2018;16.631;1.188
UPL2;10;14;17.12.2019;34.324;2.452
UPL2;10;14;30.10.2018;31.139;2.224
UPL2;10;14;30.04.2019;18.401;1.314
UPL2;10;14;02.10.2018;46.709;3.336
UPL2;10;14;19.09.2018;22.293;1.592
UPL2;10;14;19.03.2019;22.293;1.592
UPL2;10;14;31.10.2019;39.632;2.831
UPL2;10;14;25.12.2018;19.816;1.415
UPL2;10;14;19.02.2019;31.776;2.270
UPL2;10;14;02.10.2019;22.293;1.592
UPL2;10;14;27.11.2018;24.416;1.744
UPL2;10;14;03.04.2019;27.247;1.946
UPL2;10;14;05.03.2019;32.555;2.325
UPL2;10;14;16.04.2019;16.277;1.163
UPL2;10;14;05.02.2019;47.806;3.415
UPL2;10;14;12.12.2018;17.339;1.238
UPL2;10;14;05.12.2019;6.723;0.480
UPL2;10;14;25.11.2019;15.216;1.087
UPL2;10;32;19.01.2020;85.633;2.676
UPL2;10;18;07.02.2020;65.817;3.657
UPL2;10;14;08.01.2019;11.677;0.834
UPL2;10;14;28.05.2019;14.154;1.011
UPL2;10;14;22.01.2019;23.708;1.693
UPL2;10;14;10.07.2019;13.800;0.986
UPL2;10;12;19.02.2020;56.971;4.748
UPL2;10;14;25.07.2019;19.108;1.365
UPL3;10;14;18.09.2019;25.832;1.845
UPL3;10;14;20.08.2019;38.924;2.780
UPL3;10;18;07.02.2020;68.294;3.794
UPL3;10;14;02.10.2018;56.971;4.069
UPL3;10;14;05.09.2019;18.047;1.289
UPL3;10;14;14.11.2019;16.985;1.213
UPL3;10;32;19.01.2020;107.573;3.362
UPL3;10;14;05.09.2018;38.217;2.730
UPL3;10;14;16.10.2018;51.309;3.665
UPL3;10;14;13.11.2018;65.817;4.701
UPL3;10;14;30.04.2019;20.170;1.441
UPL3;10;14;17.12.2019;46.355;3.311
UPL3;10;14;19.03.2019;25.832;1.845
UPL3;10;14;25.12.2018;36.801;2.629
UPL3;10;14;19.09.2018;50.248;3.589
UPL3;10;14;02.10.2019;18.047;1.289
UPL3;10;14;30.10.2018;60.510;4.322
UPL3;10;14;27.11.2018;43.878;3.134
UPL3;10;14;31.10.2019;34.324;2.452
UPL3;10;14;16.04.2019;12.739;0.910
UPL3;10;14;22.08.2018;37.509;2.679
UPL3;10;14;03.04.2019;18.047;1.289
UPL3;10;14;05.02.2019;78.733;5.624
UPL3;10;14;14.05.2019;24.062;1.719
UPL3;10;14;19.02.2019;46.638;3.331
UPL3;10;14;12.12.2018;27.601;1.971
UPL3;10;14;05.03.2019;29.370;2.098
UPL3;10;14;25.11.2019;21.939;1.567
UPL3;10;14;05.12.2019;21.939;1.567
UPL3;10;14;08.01.2019;33.616;2.401
UPL3;10;14;28.05.2019;16.631;1.188
UPL3;10;14;22.01.2019;42.463;3.033
UPL3;10;14;10.07.2019;12.031;0.859
UPL3;10;12;19.02.2020;52.371;4.364
UPL3;10;14;25.07.2019;17.339;1.238
UPL4;10;14;25.07.2019;25.124;1.795
UPL4;10;12;19.02.2020;57.679;4.807
UPL4;10;14;14.05.2019;15.216;1.087
UPL4;10;14;18.09.2019;42.463;3.033
UPL4;10;14;20.08.2019;64.048;4.575
UPL4;10;18;07.02.2020;65.464;3.637
UPL4;10;14;13.11.2018;40.694;2.907
UPL4;10;14;05.09.2019;13.800;0.986
UPL4;10;14;14.11.2019;17.693;1.264
UPL4;10;14;02.10.2018;99.788;7.128
UPL4;10;32;19.01.2020;66.879;2.090
UPL4;10;14;30.04.2019;15.570;1.112
UPL4;10;14;30.10.2018;76.433;5.460
UPL4;10;14;19.09.2018;83.864;5.990
UPL4;10;14;17.12.2019;20.524;1.466
UPL4;10;14;19.03.2019;29.370;2.098
UPL4;10;14;16.10.2018;109.696;7.835
UPL4;10;14;25.12.2018;48.832;3.488
UPL4;10;14;02.10.2019;18.754;1.340
UPL4;10;14;31.10.2019;31.139;2.224
UPL4;10;14;16.04.2019;21.231;1.517
UPL4;10;14;05.02.2019;69.993;4.999
UPL4;10;14;03.04.2019;29.370;2.098
UPL4;10;14;19.02.2019;46.214;3.301
UPL4;10;14;22.08.2018;35.032;2.502
UPL4;10;14;05.03.2019;44.940;3.210
UPL4;10;14;27.11.2018;43.524;3.109
UPL4;10;14;12.12.2018;31.493;2.250
UPL4;10;14;05.09.2018;23.001;1.643
UPL4;10;14;25.11.2019;11.677;0.834
UPL4;10;14;08.01.2019;61.217;4.373
UPL4;10;14;05.12.2019;12.739;0.910
UPL4;10;14;22.01.2019;41.755;2.983
UPL4;10;14;28.05.2019;12.739;0.910
UPL4;10;14;10.07.2019;10.262;0.733
UPL5;10;12;19.02.2020;54.848;4.571
UPL5;10;14;25.07.2019;19.816;1.415
UPL5;7;14;18.09.2019;35.386;2.528
UPL5;10;18;07.02.2020;49.894;2.772
UPL5;10;14;05.09.2019;11.323;0.809
UPL5;10;14;02.10.2018;44.940;3.210
UPL5;10;32;19.01.2020;67.233;2.101
UPL5;10;14;14.11.2019;9.554;0.682
UPL5;10;14;20.08.2019;29.370;2.098
UPL5;10;14;14.05.2019;14.508;1.036
UPL5;10;14;30.10.2018;39.278;2.806
UPL5;10;14;19.03.2019;48.478;3.463
UPL5;10;14;13.11.2018;38.924;2.780
UPL5;10;14;30.04.2019;8.846;0.632
UPL5;10;14;17.12.2019;17.339;1.238
UPL5;10;14;16.10.2018;23.001;1.643
UPL5;10;14;02.10.2019;19.462;1.390
UPL5;10;14;31.10.2019;27.247;1.946
UPL5;10;14;19.09.2018;50.248;3.589
UPL5;10;14;16.04.2019;21.585;1.542
UPL5;10;14;25.12.2018;38.924;2.780
UPL5;10;14;03.04.2019;26.185;1.870
UPL5;10;14;19.02.2019;37.863;2.704
UPL5;10;14;05.02.2019;56.829;4.059
UPL5;10;14;27.11.2018;24.416;1.744
UPL5;10;14;05.03.2019;53.786;3.842
UPL5;10;14;05.09.2018;21.939;1.567
UPL5;10;14;22.08.2018;23.708;1.693
UPL5;10;14;25.11.2019;8.139;0.581
UPL5;10;14;12.12.2018;21.939;1.567
UPL5;10;14;05.12.2019;14.862;1.062
UPL5;10;14;08.01.2019;31.493;2.250
UPL5;10;14;22.01.2019;20.878;1.491
UPL5;10;14;28.05.2019;10.616;0.758
UPL5;10;14;10.07.2019;10.970;0.784
UPL6;10;14;25.07.2019;32.201;2.300
UPL6;10;14;18.09.2019;34.324;2.452
UPL6;10;12;19.02.2020;62.279;5.190
UPL6;10;14;10.07.2019;15.924;1.137
UPL6;10;18;07.02.2020;67.587;3.755
UPL6;10;32;19.01.2020;62.279;1.946
UPL6;10;14;20.08.2019;30.432;2.174
UPL6;10;14;05.09.2019;26.539;1.896
UPL6;10;14;02.10.2018;27.601;1.971
UPL6;10;14;14.11.2019;22.293;1.592
UPL6;10;14;30.04.2019;15.924;1.137
UPL6;10;14;31.10.2019;29.016;2.073
UPL6;10;14;19.09.2018;83.864;5.990
UPL6;10;14;02.10.2019;25.124;1.795
UPL6;10;14;19.03.2019;27.955;1.997
UPL6;10;14;14.05.2019;12.031;0.859
UPL6;9;14;03.04.2019;22.804;1.629
UPL6;10;14;19.02.2019;32.236;2.303
UPL6;10;14;05.03.2019;30.786;2.199
UPL6;10;14;12.12.2018;19.108;1.365
UPL6;10;14;22.08.2018;32.555;2.325
UPL6;10;14;30.10.2018;42.109;3.008
UPL6;10;14;25.11.2019;12.385;0.885
UPL6;10;14;27.11.2018;35.386;2.528
UPL6;10;14;16.04.2019;6.016;0.430
UPL6;10;14;16.10.2018;20.170;1.441
UPL6;10;14;05.09.2018;29.370;2.098
UPL6;10;14;05.02.2019;50.248;3.589
UPL6;10;14;08.01.2019;23.708;1.693
UPL6;10;14;05.12.2019;25.478;1.820
UPL6;10;14;17.12.2019;23.708;1.693
UPL6;10;14;28.05.2019;12.739;0.910
UPL6;10;14;22.01.2019;27.247;1.946
UPL6;10;14;25.12.2018;30.432;2.174
UPL7;10;14;14.05.2019;27.955;1.997
UPL7;10;14;19.03.2019;8.846;0.632
UPL7;10;14;22.01.2019;34.678;2.477
UPL7;10;14;25.07.2019;23.001;1.643
UPL7;10;14;28.05.2019;22.647;1.618
UPL7;10;14;05.02.2019;59.342;4.239
UPL7;10;14;18.09.2019;22.647;1.618
UPL7;10;18;07.02.2020;37.863;2.103
UPL7;10;12;19.02.2020;33.616;2.801
UPL7;10;32;19.01.2020;63.340;1.979
UPL7;10;14;14.11.2019;13.800;0.986
UPL7;10;14;08.01.2019;16.985;1.213
UPL7;10;14;10.07.2019;19.816;1.415
UPL7;10;14;02.10.2018;18.401;1.314
UPL7;10;14;13.11.2018;78.910;5.636
UPL7;10;14;31.10.2019;23.001;1.643
UPL7;10;14;05.09.2019;21.585;1.542
UPL7;10;14;20.08.2019;39.278;2.806
UPL7;10;14;05.03.2019;11.677;0.834
UPL7;10;14;02.10.2019;11.677;0.834
UPL7;10;14;19.02.2019;41.543;2.967
UPL7;10;14;03.04.2019;53.786;3.842
UPL7;10;14;12.12.2018;18.047;1.289
UPL7;10;14;19.09.2018;53.786;3.842
UPL7;10;14;27.11.2018;39.632;2.831
UPL7;10;14;30.10.2018;52.017;3.715
UPL7;10;14;25.11.2019;13.447;0.960
UPL7;10;14;16.04.2019;18.047;1.289
UPL7;10;14;22.08.2018;47.771;3.412
UPL7;10;14;16.10.2018;26.539;1.896
UPL7;10;14;05.09.2018;38.217;2.730
UPL7;10;14;30.04.2019;25.832;1.845
UPL7;10;14;05.12.2019;13.447;0.960
UPL7;10;14;17.12.2019;15.216;1.087
UPL7;10;14;25.12.2018;14.508;1.036
UPL8;10;14;17.12.2019;13.447;0.960
UPL8;10;14;05.09.2018;18.047;1.289
UPL8;10;14;25.12.2018;19.462;1.390
UPL8;10;14;22.01.2019;29.370;2.098
UPL8;10;14;25.07.2019;31.847;2.275
UPL8;10;14;05.02.2019;59.873;4.277
UPL8;10;14;28.05.2019;14.508;1.036
UPL8;10;14;12.12.2018;14.508;1.036
UPL8;10;14;14.05.2019;24.770;1.769
UPL8;10;14;18.09.2019;22.293;1.592
UPL8;10;12;19.02.2020;46.355;3.863
UPL8;10;14;30.04.2019;14.508;1.036
UPL8;10;14;14.11.2019;12.031;0.859
UPL8;10;18;07.02.2020;276.008;15.334
UPL8;10;32;19.01.2020;59.802;1.869
UPL8;10;14;08.01.2019;20.170;1.441
UPL8;10;14;27.11.2018;37.155;2.654
UPL8;10;14;02.10.2018;85.280;6.091
UPL8;10;14;10.07.2019;14.508;1.036
UPL8;10;14;20.08.2019;31.493;2.250
UPL8;10;14;05.03.2019;26.185;1.870
UPL8;10;14;05.09.2019;16.631;1.188
UPL8;10;14;19.09.2018;40.340;2.881
UPL8;10;14;30.10.2018;44.940;3.210
UPL8;10;14;25.11.2019;7.077;0.506
UPL8;10;14;22.08.2018;42.463;3.033
UPL8;10;14;16.10.2018;18.401;1.314
UPL8;10;14;03.04.2019;40.694;2.907
UPL8;10;14;02.10.2019;10.616;0.758
UPL8;10;14;19.02.2019;34.784;2.485
UPL8;10;14;05.12.2019;8.139;0.581
UPL8;10;14;16.04.2019;20.878;1.491
UPL8;10;14;19.03.2019;18.754;1.340
UPL8;10;14;31.10.2019;18.401;1.314
UPL8;10;14;13.11.2018;89.172;6.369
UPL9;10;14;17.12.2019;11.323;0.809
UPL9;10;14;05.09.2018;16.985;1.213
UPL9;10;14;25.11.2019;6.723;0.480
UPL9;10;14;13.11.2018;53.786;3.842
UPL9;10;14;19.03.2019;7.431;0.531
UPL9;10;14;10.07.2019;15.924;1.137
UPL9;10;14;12.12.2018;21.585;1.542
UPL9;10;14;14.05.2019;9.200;0.657
UPL9;10;14;25.07.2019;17.339;1.238
UPL9;10;12;19.02.2020;40.340;3.362
UPL9;10;14;28.05.2019;10.970;0.784
UPL9;10;14;22.01.2019;14.862;1.062
UPL9;10;14;25.12.2018;30.078;2.148
UPL9;10;18;07.02.2020;261.854;14.547
UPL9;10;14;27.11.2018;21.231;1.517
UPL9;10;32;19.01.2020;33.263;1.039
UPL9;10;14;18.09.2019;35.386;2.528
UPL9;10;14;08.01.2019;25.124;1.795
UPL9;10;14;02.10.2018;57.325;4.095
UPL9;10;14;20.08.2019;42.817;3.058
UPL9;10;14;14.11.2019;11.677;0.834
UPL9;10;14;19.09.2018;24.770;1.769
UPL9;10;14;05.03.2019;14.862;1.062
UPL9;10;14;05.02.2019;51.168;3.655
UPL9;10;14;22.08.2018;25.832;1.845
UPL9;10;14;03.04.2019;31.493;2.250
UPL9;10;14;30.10.2018;42.817;3.058
UPL9;10;14;16.04.2019;15.924;1.137
UPL9;10;14;02.10.2019;13.447;0.960
UPL9;10;14;05.09.2019;25.478;1.820
UPL9;10;14;30.04.2019;13.093;0.935
UPL9;10;14;16.10.2018;31.847;2.275
UPL9;10;14;31.10.2019;13.447;0.960
UPL9;10;14;19.02.2019;23.567;1.683
UPL9;10;14;05.12.2019;12.385;0.885
