plotID;season;layer;o_hor;min_fr_liv;max_fr_liv;mean_fr_liv;sd_fr_liv;min_fr_dead;max_fr_dead;mean_fr_dead;sd_fr_dead;min_cr_liv;max_cr_liv;mean_cr_liv;sd_cr_liv;min_cr_dead;max_cr_dead;mean_cr_dead;sd_cr_dead;no
KBPL1;strong_dry;1;0.0000;0.6170;1.7740;1.0610;0.5170;0.0410;0.3060;0.1490;0.1120;0.0000;2.1190;0.7980;0.9620;0.0000;0.8730;0.2520;0.0000;4
KBPL1;strong_dry;2;0.0000;0.0410;1.3200;0.5510;0.5430;0.0000;0.1240;0.0450;0.0540;0.0000;0.4680;0.1740;0.2240;0.0000;0.0000;0.0000;0.0000;4
KBPL1;strong_dry;3;0.0000;0.0000;0.3310;0.1320;0.1600;0.0000;0.0740;0.0270;0.0330;0.0000;0.0000;0.0000;0.0000;0.0000;0.0000;0.0000;0.0000;4
KBPL1;strong_dry;O;4.5000;0.9850;6.4530;2.6960;2.5570;0.0660;0.8880;0.3470;0.3790;0.0000;0.0000;0.0000;0.0000;0.0000;0.0000;0.0000;0.0000;4
KBPL1;weak_rain;1;0.0000;0.4270;0.8510;0.6560;0.1760;0.0580;0.2420;0.1390;0.0790;0.0000;8.8160;3.0750;3.9370;0.0000;0.0000;0.0000;0.0000;4
KBPL1;weak_rain;2;0.0000;0.0410;0.2640;0.1710;0.1000;0.0000;0.5150;0.1350;0.2540;0.3000;3.9890;1.5510;1.7310;0.0000;0.0580;0.0140;0.0000;4
KBPL1;weak_rain;3;0.0000;0.0740;0.2290;0.1230;0.0710;0.0000;0.1100;0.0400;0.0520;0.0000;0.4050;0.1010;0.2020;0.0000;0.0000;0.0000;0.0000;4
KBPL1;weak_rain;4;0.0000;0.0290;0.1930;0.0810;0.0760;0.0000;0.0320;0.0150;0.0180;0.0000;0.3790;0.1170;0.1800;0.0000;0.0000;0.0000;0.0000;4
KBPL1;weak_rain;O;4.5000;1.8110;8.3970;4.7240;2.8560;0.1930;2.2260;0.7610;0.9810;0.0000;4.6720;1.4140;2.2210;0.0000;0.0000;0.0000;0.0000;4
KBPL10;strong_dry;1;0.0000;0.1270;0.7800;0.4500;0.2070;0.0000;0.1650;0.0570;0.0690;0.0000;18.0720;5.0250;7.2980;0.0000;0.0000;0.0000;0.0000;8
KBPL10;strong_dry;2;0.0000;0.0330;0.4790;0.2330;0.1470;0.0000;0.2230;0.0390;0.0770;0.0000;1.7630;0.5900;0.8310;0.0000;0.8260;0.1350;0.0000;8
KBPL10;strong_dry;3;0.0000;0.0000;0.5790;0.1530;0.1950;0.0000;0.1020;0.0290;0.0420;0.0000;3.1190;0.8660;1.1620;0.0000;0.0470;0.0060;0.0000;8
KBPL10;strong_dry;4;0.0000;0.0000;1.4390;0.2250;0.4950;0.0000;0.1100;0.0140;0.0390;0.0000;0.8580;0.1070;0.3030;0.0000;0.3170;0.0480;0.0000;8
KBPL10;strong_dry;O;5.8750;0.5510;7.0390;3.0360;1.8790;0.0000;0.2480;0.0910;0.1040;0.0000;6.1250;0.8700;2.1350;0.0000;0.9640;0.1210;0.0000;8
KBPL10;strong_rain;1;0.0000;0.0520;1.0720;0.4240;0.4620;0.0660;0.2340;0.1600;0.0860;0.0000;2.6230;0.8650;1.1990;0.0000;0.0000;0.0000;0.0000;4
KBPL10;strong_rain;2;0.0000;0.0960;0.9060;0.3600;0.3730;0.0000;0.1100;0.0550;0.0450;0.0000;1.6450;0.5300;0.7540;0.0000;0.3000;0.0750;0.0000;4
KBPL10;strong_rain;3;0.0000;0.0080;0.1290;0.0790;0.0550;0.0000;0.0220;0.0060;0.0110;0.0000;1.1710;0.4050;0.5530;0.0000;0.0000;0.0000;0.0000;4
KBPL10;strong_rain;4;0.0000;0.0000;0.0140;0.0070;0.0100;0.0000;0.0000;0.0000;0.0000;0.0000;0.0000;0.0000;0.0000;0.0000;0.0000;0.0000;0.0000;4
KBPL10;strong_rain;O;3.5000;0.0000;2.4790;0.8500;1.1140;0.0000;0.7300;0.1830;0.3650;0.0000;1.0470;0.4200;0.5140;0.0000;0.3720;0.0930;0.0000;4
KBPL10;weak_dry;1;0.0000;0.3550;0.6860;0.5010;0.1410;0.0000;0.1600;0.0430;0.0780;0.0000;2.9970;0.7490;1.4990;0.0000;0.0000;0.0000;0.0000;4
KBPL10;weak_dry;2;0.0000;0.1960;0.2980;0.2610;0.0570;0.0000;0.2980;0.1080;0.1640;0.0690;1.0550;0.4440;0.5340;0.0000;0.0000;0.0000;0.0000;4
KBPL10;weak_dry;3;0.0000;0.0190;0.2290;0.1270;0.0990;0.0000;0.2400;0.0600;0.1200;0.0000;3.3220;1.0440;1.5320;0.0000;0.1680;0.0420;0.0000;4
KBPL10;weak_dry;4;0.0000;0.0060;0.0400;0.0150;0.0170;0.0000;0.0000;0.0000;0.0000;0.0000;1.2670;0.3170;0.6340;0.0000;0.0000;0.0000;0.0000;4
KBPL10;weak_dry;O;4.5000;2.1860;11.9980;7.8770;4.2720;0.0000;1.5430;0.3930;0.7670;0.0000;1.9190;1.0100;0.8450;0.0000;0.0000;0.0000;0.0000;4
KBPL10;weak_rain;1;0.0000;0.0830;0.9840;0.4460;0.3180;0.0000;0.0850;0.0190;0.0350;0.3310;5.7850;1.5500;1.7550;0.0000;0.0000;0.0000;0.0000;8
KBPL10;weak_rain;2;0.0000;0.0610;0.8760;0.3200;0.2850;0.0000;0.1740;0.0390;0.0730;0.0000;19.7530;3.4490;6.8180;0.0000;0.1180;0.0150;0.0000;8
KBPL10;weak_rain;3;0.0000;0.0000;0.0910;0.0560;0.0320;0.0000;0.0500;0.0090;0.0180;0.0000;1.4930;0.5330;0.5750;0.0000;0.0000;0.0000;0.0000;8
KBPL10;weak_rain;4;0.0000;0.0000;0.1100;0.0550;0.0410;0.0000;0.0000;0.0000;0.0000;0.0000;0.2200;0.0400;0.0820;0.0000;0.0000;0.0000;0.0000;8
KBPL10;weak_rain;O;4.1250;0.1450;6.4740;3.0790;2.5460;0.0000;0.2430;0.0790;0.0990;0.0000;9.6150;1.3610;3.3530;0.0000;0.0000;0.0000;0.0000;8
KBPL11;strong_dry;1;0.0000;0.0000;2.3690;0.7980;0.7620;0.0000;0.5150;0.1180;0.1680;0.0000;3.5540;0.8250;1.1960;0.0000;0.4300;0.1270;0.0000;8
KBPL11;strong_dry;2;0.0000;0.0000;0.6030;0.1550;0.2430;0.0000;0.1130;0.0140;0.0400;0.0000;2.1160;0.4730;0.8840;0.0000;0.3470;0.0430;0.0000;8
KBPL11;strong_dry;3;0.0000;0.0000;1.9840;0.3160;0.6900;0.0000;0.1100;0.0140;0.0390;0.0000;4.7550;0.6060;1.6770;0.0000;0.0000;0.0000;0.0000;8
KBPL11;strong_dry;4;0.0000;0.0000;0.2630;0.0660;0.1120;0.0000;0.3510;0.0550;0.1230;0.0000;12.0230;1.5450;4.2350;0.0000;0.0830;0.0140;0.0000;8
KBPL11;strong_dry;O;5.1250;0.3930;10.0560;3.1720;3.1390;0.0000;12.9100;1.9930;4.4200;0.0000;2.5070;0.6720;0.9520;0.0000;0.7880;0.1330;0.0000;8
KBPL11;strong_rain;1;0.0000;0.0280;1.2530;0.6210;0.5260;0.0000;0.1820;0.0450;0.0910;0.0000;0.5320;0.2690;0.2170;0.0000;0.0000;0.0000;0.0000;4
KBPL11;strong_rain;2;0.0000;0.0000;0.1270;0.0450;0.0600;0.0000;0.0000;0.0000;0.0000;0.0000;0.7440;0.1860;0.3720;0.0000;0.0000;0.0000;0.0000;4
KBPL11;strong_rain;3;0.0000;0.0000;0.1650;0.0600;0.0790;0.0000;0.0000;0.0000;0.0000;0.0000;0.2010;0.0500;0.1010;0.0000;0.0000;0.0000;0.0000;4
KBPL11;strong_rain;4;0.0000;0.0000;0.0910;0.0230;0.0450;0.0000;0.0100;0.0040;0.0050;0.0000;0.3980;0.1000;0.1990;0.0000;0.0000;0.0000;0.0000;4
KBPL11;strong_rain;O;3.7500;0.0000;6.1300;2.3080;2.8940;0.0000;0.1710;0.0520;0.0810;0.0000;0.0000;0.0000;0.0000;0.0000;0.0000;0.0000;0.0000;4
KBPL11;weak_dry;1;0.0000;0.0410;1.0170;0.4410;0.4570;0.0000;0.1850;0.0460;0.0920;0.0000;4.2590;2.0320;1.9860;0.0000;0.1570;0.0390;0.0000;4
KBPL11;weak_dry;2;0.0000;0.0000;1.2780;0.4740;0.6100;0.0000;0.1900;0.0480;0.0950;0.0000;7.3470;2.3020;3.4760;0.0000;0.1460;0.0370;0.0000;4
KBPL11;weak_dry;3;0.0000;0.0000;0.4770;0.1640;0.2710;0.0000;0.0250;0.0080;0.0140;0.0000;0.4020;0.1340;0.2320;0.0000;0.0000;0.0000;0.0000;4
KBPL11;weak_dry;4;0.0000;0.0060;0.3370;0.1710;0.2350;0.0000;0.0000;0.0000;0.0000;0.0000;0.0000;0.0000;0.0000;0.0000;1.1610;0.5810;1.0000;4
KBPL11;weak_dry;O;3.2500;0.1740;14.9320;5.2990;6.9170;0.0000;0.1740;0.0440;0.0870;0.0000;0.6340;0.1580;0.3170;0.0000;12.0760;3.3980;6.0000;4
KBPL11;weak_rain;1;0.0000;0.0140;1.6280;0.5770;0.5090;0.0000;0.1020;0.0130;0.0360;0.0000;4.3580;1.5820;1.7900;0.0000;2.3090;0.2890;1.0000;8
KBPL11;weak_rain;2;0.0000;0.0000;0.6280;0.1580;0.2120;0.0000;0.0250;0.0030;0.0090;0.0000;2.1020;0.4540;0.8130;0.0000;0.0000;0.0000;0.0000;8
KBPL11;weak_rain;3;0.0000;0.0000;0.4820;0.1050;0.1680;0.0000;0.0440;0.0060;0.0160;0.0000;0.3580;0.0450;0.1270;0.0000;0.1820;0.0320;0.0000;8
KBPL11;weak_rain;4;0.0000;0.0000;0.3860;0.0750;0.1430;0.0000;0.0000;0.0000;0.0000;0.0000;0.8280;0.2180;0.3740;0.0000;0.0000;0.0000;0.0000;8
KBPL11;weak_rain;O;7.5000;0.2020;8.2410;5.5840;2.6870;0.0000;0.2170;0.0290;0.0760;0.0000;6.2350;1.7250;2.1080;0.0000;0.7530;0.1290;0.0000;8
KBPL12;strong_dry;1;0.0000;0.0770;1.8870;0.7380;0.6320;0.0000;0.0940;0.0500;0.0400;0.0000;4.9560;1.4680;2.0280;0.0000;0.0000;0.0000;0.0000;8
KBPL12;strong_dry;2;0.0000;0.0000;0.9920;0.4280;0.4130;0.0000;0.1930;0.0550;0.0780;0.1100;8.3750;2.0290;2.7260;0.0000;0.0830;0.0100;0.0000;8
KBPL12;strong_dry;3;0.0000;0.0000;0.7440;0.1760;0.2550;0.0000;0.2120;0.0480;0.0820;0.0000;3.9840;0.7540;1.3820;0.0000;0.0000;0.0000;0.0000;8
KBPL12;strong_dry;4;0.0000;0.0080;0.3310;0.1020;0.0980;0.0000;0.0670;0.0190;0.0270;0.0000;0.3690;0.1160;0.1430;0.0000;0.0250;0.0030;0.0000;8
KBPL12;strong_dry;O;5.0000;1.6320;16.7360;6.2490;4.7060;0.0000;3.0660;0.9830;1.1190;0.0000;5.8310;1.5080;2.1410;0.0000;1.3070;0.2910;0.0000;8
KBPL12;strong_rain;1;0.0000;0.5480;1.2760;0.8750;0.3640;0.0000;0.0800;0.0200;0.0400;0.0000;16.6870;4.2720;8.2780;0.0000;0.0000;0.0000;0.0000;4
KBPL12;strong_rain;2;0.0000;0.0000;0.3220;0.2280;0.1540;0.0000;0.0000;0.0000;0.0000;0.0000;3.0110;1.3360;1.3000;0.0000;0.0000;0.0000;0.0000;4
KBPL12;strong_rain;3;0.0000;0.0910;0.4050;0.2290;0.1310;0.0000;0.0330;0.0080;0.0170;0.0000;0.7600;0.2950;0.3280;0.0000;0.0000;0.0000;0.0000;4
KBPL12;strong_rain;4;0.0000;0.0070;0.0760;0.0330;0.0300;0.0000;0.0000;0.0000;0.0000;0.0000;0.1290;0.0770;0.0550;0.0000;0.0000;0.0000;0.0000;4
KBPL12;strong_rain;O;5.0000;0.3170;3.0670;1.4830;1.2110;0.0000;0.0000;0.0000;0.0000;0.0000;0.0000;0.0000;0.0000;0.0000;0.0000;0.0000;0.0000;4
KBPL12;weak_dry;1;0.0000;0.1760;1.1540;0.7080;0.4510;0.0000;0.1240;0.0460;0.0550;0.0000;2.8540;1.9140;1.3360;0.0000;0.4660;0.1160;0.0000;4
KBPL12;weak_dry;2;0.0000;0.0390;1.0990;0.4100;0.4970;0.0000;0.0630;0.0250;0.0310;0.0000;7.1130;2.0890;3.3960;0.0000;0.1960;0.0630;0.0000;4
KBPL12;weak_dry;3;0.0000;0.0190;0.3830;0.1580;0.1740;0.0000;0.0390;0.0100;0.0190;0.0000;0.4790;0.1960;0.2370;0.0000;0.1490;0.0370;0.0000;4
KBPL12;weak_dry;4;0.0000;0.0040;0.2380;0.0850;0.1050;0.0000;0.0430;0.0190;0.0220;0.0000;0.2520;0.1520;0.1070;0.0000;0.0000;0.0000;0.0000;4
KBPL12;weak_dry;O;4.2500;2.5730;10.7990;7.3290;3.4680;0.0000;0.7230;0.3640;0.3120;0.0000;0.9460;0.4410;0.3890;0.0000;0.0000;0.0000;0.0000;4
KBPL12;weak_rain;1;0.0000;0.0000;0.9480;0.6340;0.4080;0.0000;1.0470;0.2020;0.3570;0.0000;6.9730;1.5310;2.3110;0.0000;0.2750;0.0340;0.0000;8
KBPL12;weak_rain;2;0.0000;0.0940;0.6340;0.3270;0.1900;0.0000;0.0000;0.0000;0.0000;0.0000;12.5350;2.7060;4.7100;0.0000;0.0000;0.0000;0.0000;8
KBPL12;weak_rain;3;0.0000;0.0000;0.4490;0.1440;0.1430;0.0000;0.0390;0.0090;0.0170;0.0000;11.3230;2.2570;4.2070;0.0000;2.0110;0.2510;1.0000;8
KBPL12;weak_rain;4;0.0000;0.0000;0.1390;0.0650;0.0620;0.0000;0.0120;0.0020;0.0040;0.0000;0.4160;0.1390;0.1410;0.0000;0.0000;0.0000;0.0000;8
KBPL12;weak_rain;O;5.0000;0.2410;13.2830;6.3090;4.8990;0.0000;0.8260;0.2540;0.3090;0.0000;45.6980;10.7910;19.3150;0.0000;1.1020;0.2150;0.0000;8
KBPL13;strong_dry;1;0.0000;0.5120;1.1570;0.8460;0.2640;0.0000;0.2780;0.1720;0.1280;0.0000;0.4960;0.2260;0.2630;0.0000;0.4410;0.1960;0.0000;4
KBPL13;strong_dry;2;0.0000;0.3280;0.4600;0.3890;0.0680;0.0000;0.1210;0.0680;0.0570;0.4600;6.3720;3.4050;2.6640;0.0000;0.0000;0.0000;0.0000;4
KBPL13;strong_dry;3;0.0000;0.0990;0.3090;0.1850;0.0960;0.0000;0.0960;0.0240;0.0480;0.0000;0.4100;0.2040;0.2350;0.0000;0.3880;0.1380;0.0000;4
KBPL13;strong_dry;4;0.0000;0.0000;0.0360;0.0130;0.0170;0.0000;0.0000;0.0000;0.0000;0.0000;0.0000;0.0000;0.0000;0.0000;0.2140;0.0530;0.0000;4
KBPL13;strong_dry;O;3.5000;1.4780;7.5140;3.5140;2.7350;0.0000;0.4130;0.2300;0.1710;0.0000;8.4300;2.5720;3.9310;0.0000;0.0000;0.0000;0.0000;4
KBPL13;strong_rain;1;0.0000;0.2890;1.2420;0.5890;0.4420;0.0000;0.0440;0.0110;0.0220;0.1820;0.7380;0.4400;0.2930;0.0000;0.0000;0.0000;0.0000;4
KBPL13;strong_rain;2;0.0000;0.2450;0.5400;0.3930;0.1340;0.0000;0.0000;0.0000;0.0000;0.1850;1.1410;0.7710;0.4220;0.0000;0.0000;0.0000;0.0000;4
KBPL13;strong_rain;3;0.0000;0.0990;0.4020;0.2830;0.1300;0.0000;0.0000;0.0000;0.0000;0.0000;0.4600;0.1490;0.2100;0.0000;0.0000;0.0000;0.0000;4
KBPL13;strong_rain;4;0.0000;0.0000;0.0690;0.0350;0.0310;0.0000;0.0000;0.0000;0.0000;0.0000;0.1130;0.0320;0.0540;0.0000;0.0000;0.0000;0.0000;4
KBPL13;strong_rain;O;3.5000;1.0380;2.8930;1.8910;0.9020;0.0000;0.0000;0.0000;0.0000;0.0000;1.7360;0.4340;0.8680;0.0000;0.0000;0.0000;0.0000;4
KBPL13;weak_dry;1;0.0000;0.6530;0.8210;0.7630;0.0750;0.0000;0.1600;0.0440;0.0780;0.3690;1.0610;0.5480;0.3420;0.0000;0.0000;0.0000;0.0000;4
KBPL13;weak_dry;2;0.0000;0.1380;0.5980;0.4520;0.2110;0.0000;0.0690;0.0280;0.0340;0.1240;1.4220;0.7700;0.6810;0.0000;0.0000;0.0000;0.0000;4
KBPL13;weak_dry;3;0.0000;0.0850;0.4240;0.2070;0.1490;0.0000;0.0000;0.0000;0.0000;0.0000;0.0000;0.0000;0.0000;0.0000;0.0000;0.0000;0.0000;4
KBPL13;weak_dry;4;0.0000;0.0060;0.1930;0.0540;0.0920;0.0000;0.0000;0.0000;0.0000;0.0000;0.0000;0.0000;0.0000;0.0000;0.0000;0.0000;0.0000;4
KBPL13;weak_dry;O;1.7500;6.1710;25.9240;12.8170;9.0040;0.0000;1.5150;0.6960;0.7550;0.0000;28.9540;7.6090;14.2480;0.0000;0.0000;0.0000;0.0000;4
KBPL13;weak_rain;1;0.0000;0.0000;0.5540;0.2800;0.2340;0.0000;0.0000;0.0000;0.0000;0.3360;3.8900;1.2960;1.7320;0.0000;0.0000;0.0000;0.0000;4
KBPL13;weak_rain;2;0.0000;0.0300;0.4630;0.3370;0.2050;0.0000;0.0000;0.0000;0.0000;0.0000;6.7690;1.8320;3.2940;0.0000;0.0000;0.0000;0.0000;4
KBPL13;weak_rain;3;0.0000;0.0300;0.4300;0.1400;0.1940;0.0000;0.0000;0.0000;0.0000;0.0000;10.0450;2.5110;5.0220;0.0000;0.0410;0.0100;0.0000;4
KBPL13;weak_rain;4;0.0000;0.0220;0.0960;0.0600;0.0350;0.0000;0.0000;0.0000;0.0000;0.0000;0.5700;0.2030;0.2700;0.0000;0.0000;0.0000;0.0000;4
KBPL13;weak_rain;O;4.0000;1.4950;6.5020;3.6120;2.1360;0.0000;0.0000;0.0000;0.0000;0.0000;10.2900;4.7560;5.0810;0.0000;0.0000;0.0000;0.0000;4
KBPL14;strong_dry;1;0.0000;0.1870;0.9230;0.4480;0.3280;0.0000;0.3750;0.1470;0.1700;0.0000;3.2840;1.4320;1.5110;0.0000;0.0940;0.0230;0.0000;4
KBPL14;strong_dry;2;0.0000;0.0300;0.2640;0.1630;0.1000;0.0000;0.1630;0.0480;0.0780;0.0000;18.8000;4.7690;9.3540;0.0000;0.4410;0.1540;0.0000;4
KBPL14;strong_dry;3;0.0000;0.0000;0.7030;0.2460;0.3170;0.0000;0.1570;0.0510;0.0720;0.0000;0.6170;0.2220;0.2730;0.0000;0.1240;0.0310;0.0000;4
KBPL14;strong_dry;4;0.0000;0.0000;0.2010;0.0790;0.0980;0.0000;0.0210;0.0050;0.0100;0.0000;0.9050;0.4000;0.4540;0.0000;0.0000;0.0000;0.0000;4
KBPL14;strong_dry;O;4.5000;0.1520;1.9420;0.7230;0.8280;0.1240;0.1870;0.1580;0.0300;0.0000;0.4340;0.1080;0.2170;0.0000;0.1760;0.0440;0.0000;4
KBPL14;strong_rain;1;0.0000;0.4570;1.3860;1.0090;0.3940;0.0000;0.0300;0.0170;0.0130;0.0000;0.6470;0.3050;0.2670;0.0000;0.5340;0.1690;0.0000;4
KBPL14;strong_rain;2;0.0000;0.2260;0.7380;0.4460;0.2330;0.0000;0.0410;0.0100;0.0210;0.0000;9.6480;3.3080;4.3490;0.0000;0.0000;0.0000;0.0000;4
KBPL14;strong_rain;3;0.0000;0.0550;0.3750;0.2260;0.1330;0.0000;0.0390;0.0100;0.0190;0.0000;0.7850;0.1960;0.3930;0.0000;0.0000;0.0000;0.0000;4
KBPL14;strong_rain;4;0.0000;0.0060;0.1860;0.0800;0.0790;0.0000;0.0000;0.0000;0.0000;0.0000;0.2850;0.1270;0.1490;0.0000;0.0000;0.0000;0.0000;4
KBPL14;strong_rain;O;4.5000;0.8970;6.1710;2.9210;2.2740;0.0000;0.8720;0.2980;0.4120;0.0000;1.3180;0.6120;0.7110;0.0000;4.2150;1.0540;2.0000;4
KBPL14;weak_dry;1;0.0000;0.1680;1.4130;0.7490;0.5130;0.0000;0.0190;0.0110;0.0080;0.0000;0.7580;0.4360;0.3390;0.0000;0.0000;0.0000;0.0000;4
KBPL14;weak_dry;2;0.0000;0.0660;1.0360;0.4450;0.4170;0.0000;0.1320;0.0330;0.0660;0.3110;3.8020;1.8790;1.6440;0.0000;0.0000;0.0000;0.0000;4
KBPL14;weak_dry;3;0.0000;0.1100;0.3910;0.2070;0.1310;0.0000;0.0000;0.0000;0.0000;0.0000;0.0000;0.0000;0.0000;0.0000;0.0000;0.0000;0.0000;4
KBPL14;weak_dry;4;0.0000;0.0000;0.2420;0.0740;0.1140;0.0000;0.0000;0.0000;0.0000;0.0000;0.6540;0.1640;0.3270;0.0000;0.0000;0.0000;0.0000;4
KBPL14;weak_dry;O;3.5000;0.4900;16.3780;7.0620;6.7020;0.0000;0.6340;0.2810;0.3300;0.0000;0.5900;0.1960;0.2780;0.0000;0.0000;0.0000;0.0000;4
KBPL14;weak_rain;1;0.0000;0.2700;0.7660;0.4690;0.2130;0.0000;0.0000;0.0000;0.0000;0.5180;4.0880;1.7670;1.6320;0.0000;0.0000;0.0000;0.0000;4
KBPL14;weak_rain;2;0.0000;0.0000;0.4490;0.2050;0.1870;0.0000;0.1650;0.0410;0.0830;0.0000;1.5120;0.6050;0.6730;0.0000;0.0800;0.0200;0.0000;4
KBPL14;weak_rain;3;0.0000;0.0500;0.1760;0.1230;0.0640;0.0000;0.0000;0.0000;0.0000;0.0000;0.7630;0.3770;0.3520;0.0000;0.0000;0.0000;0.0000;4
KBPL14;weak_rain;4;0.0000;0.0060;0.1010;0.0550;0.0430;0.0000;0.0000;0.0000;0.0000;0.0000;0.3260;0.0960;0.1560;0.0000;0.0000;0.0000;0.0000;4
KBPL14;weak_rain;O;3.1250;5.2890;12.0120;7.5390;3.1260;0.0000;0.0000;0.0000;0.0000;0.6470;5.5730;2.7240;2.1170;0.0000;0.0000;0.0000;0.0000;4
KBPL15;strong_dry;1;0.0000;0.2400;0.8040;0.5700;0.2530;0.0000;0.1130;0.0390;0.0530;0.2560;0.4770;0.4030;0.1000;0.0000;0.2120;0.0760;0.0000;4
KBPL15;strong_dry;2;0.0000;0.1410;0.5920;0.3660;0.1890;0.0000;0.0720;0.0180;0.0360;0.0000;0.2260;0.1210;0.1030;0.0000;0.1490;0.0370;0.0000;4
KBPL15;strong_dry;3;0.0000;0.0000;0.1740;0.0610;0.0790;0.0000;0.1020;0.0250;0.0510;0.0000;1.4080;0.7460;0.6730;0.0000;0.0000;0.0000;0.0000;4
KBPL15;strong_dry;4;0.0000;0.0000;0.1210;0.0430;0.0560;0.0000;0.0500;0.0190;0.0240;0.0000;0.2470;0.0920;0.1180;0.0000;0.1060;0.0470;0.0000;4
KBPL15;strong_dry;O;4.5000;1.0400;5.7510;2.5500;2.1600;0.1600;0.5170;0.2640;0.1700;0.0000;0.5230;0.2240;0.2660;0.0000;0.0000;0.0000;0.0000;4
KBPL15;strong_rain;1;0.0000;0.5010;0.9390;0.7400;0.2290;0.0000;0.0330;0.0160;0.0180;0.0000;1.0170;0.3150;0.4820;0.0000;0.0000;0.0000;0.0000;4
KBPL15;strong_rain;2;0.0000;0.3170;0.6640;0.4460;0.1530;0.0000;0.0000;0.0000;0.0000;0.2070;10.2980;3.0990;4.8230;0.0000;0.0520;0.0130;0.0000;4
KBPL15;strong_rain;3;0.0000;0.0500;0.2260;0.1610;0.0830;0.0000;0.0410;0.0200;0.0170;0.0000;0.5810;0.2050;0.2600;0.0000;0.0000;0.0000;0.0000;4
KBPL15;strong_rain;4;0.0000;0.0840;0.1140;0.0950;0.0130;0.0000;0.0000;0.0000;0.0000;0.0000;0.0000;0.0000;0.0000;0.0000;0.0000;0.0000;0.0000;4
KBPL15;strong_rain;O;4.2500;1.5890;6.7330;3.5760;2.2080;0.0000;0.0000;0.0000;0.0000;0.0000;0.0000;0.0000;0.0000;0.0000;0.0000;0.0000;0.0000;4
KBPL15;weak_dry;1;0.0000;0.4570;0.9010;0.6830;0.1820;0.0000;0.0770;0.0190;0.0390;0.0770;3.1460;1.1280;1.3860;0.0000;0.0880;0.0220;0.0000;4
KBPL15;weak_dry;2;0.0000;0.2070;1.2590;0.5630;0.4830;0.0000;0.1050;0.0430;0.0460;0.1490;10.9430;3.3270;5.1000;0.0000;0.0000;0.0000;0.0000;4
KBPL15;weak_dry;3;0.0000;0.0910;0.3910;0.2140;0.1450;0.0000;0.0770;0.0330;0.0390;0.0000;0.7190;0.3000;0.3030;0.0000;0.0000;0.0000;0.0000;4
KBPL15;weak_dry;4;0.0000;0.0330;0.2110;0.1300;0.0900;0.0000;0.0210;0.0050;0.0100;0.0000;0.8420;0.2380;0.4040;0.0000;0.0320;0.0080;0.0000;4
KBPL15;weak_dry;O;3.1250;7.1740;19.9090;14.2320;5.2720;0.0000;0.5880;0.2090;0.2780;0.0000;1.7030;0.4260;0.8510;0.0000;0.0000;0.0000;0.0000;4
KBPL15;weak_rain;1;0.0000;0.0500;1.0000;0.6120;0.4150;0.0000;0.0000;0.0000;0.0000;0.3970;2.0140;1.1180;0.7640;0.0000;0.0000;0.0000;0.0000;4
KBPL15;weak_rain;2;0.0000;0.1930;0.8260;0.4640;0.2780;0.0000;0.0000;0.0000;0.0000;0.0000;4.2480;1.3100;1.9830;0.0000;0.2370;0.0590;0.0000;4
KBPL15;weak_rain;3;0.0000;0.0000;0.1650;0.1070;0.0750;0.0000;0.0410;0.0100;0.0210;0.0000;1.6640;0.5200;0.7870;0.0000;0.1680;0.0420;0.0000;4
KBPL15;weak_rain;4;0.0000;0.0000;0.0840;0.0240;0.0400;0.0000;0.0000;0.0000;0.0000;0.0000;2.0570;0.7100;0.9180;0.0000;0.0500;0.0120;0.0000;4
KBPL15;weak_rain;O;2.2500;0.0000;9.1330;3.0690;4.2580;0.0000;0.0000;0.0000;0.0000;0.0000;1.8180;0.5610;0.8620;0.0000;0.0000;0.0000;0.0000;4
KBPL16;strong_dry;1;0.0000;0.2340;0.6500;0.5100;0.1910;0.0000;0.1130;0.0390;0.0530;0.2180;0.4770;0.3900;0.1170;0.0000;0.2120;0.0980;0.0000;4
KBPL16;strong_dry;2;0.0000;0.1460;0.5730;0.3660;0.1790;0.0000;0.0740;0.0340;0.0400;0.0000;0.2180;0.1210;0.1020;0.0000;0.1490;0.0370;0.0000;4
KBPL16;strong_dry;3;0.0000;0.0000;0.1790;0.0650;0.0820;0.0000;0.1070;0.0270;0.0540;0.0000;1.4660;0.7240;0.6670;0.0000;0.0110;0.0030;0.0000;4
KBPL16;strong_dry;4;0.0000;0.0000;0.1230;0.0440;0.0570;0.0000;0.0500;0.0190;0.0240;0.0000;0.2470;0.0890;0.1170;0.0000;0.1200;0.0300;0.0000;4
KBPL16;strong_dry;O;4.2500;1.8070;4.4910;2.6310;1.2590;0.1270;0.3800;0.2720;0.1230;0.0000;0.8910;0.3690;0.3750;0.0000;0.0000;0.0000;0.0000;4
KBPL16;strong_rain;1;0.0000;0.3200;1.1410;0.6870;0.3550;0.0000;0.0000;0.0000;0.0000;0.0000;3.2450;0.9990;1.5140;0.0000;0.0000;0.0000;0.0000;4
KBPL16;strong_rain;2;0.0000;0.0630;0.2870;0.1420;0.0990;0.0000;0.0000;0.0000;0.0000;0.0000;17.0450;4.3780;8.4450;0.0000;0.0000;0.0000;0.0000;4
KBPL16;strong_rain;3;0.0000;0.1020;0.2070;0.1530;0.0440;0.0000;0.0110;0.0030;0.0060;0.0000;0.0000;0.0000;0.0000;0.0000;0.0000;0.0000;0.0000;4
KBPL16;strong_rain;4;0.0000;0.0430;0.1470;0.0940;0.0430;0.0000;0.0000;0.0000;0.0000;0.0000;0.0660;0.0330;0.0380;0.0000;0.0000;0.0000;0.0000;4
KBPL16;strong_rain;O;5.7500;2.6530;5.1910;3.7110;1.1340;0.0000;0.0000;0.0000;0.0000;0.0000;13.5540;3.3890;6.7770;0.0000;0.0000;0.0000;0.0000;4
KBPL16;weak_dry;1;0.0000;0.4300;0.5370;0.4790;0.0490;0.0000;0.1820;0.0830;0.0960;0.3500;13.7360;3.9590;6.5370;0.0000;0.0500;0.0120;0.0000;4
KBPL16;weak_dry;2;0.0000;0.2230;0.8290;0.4480;0.2760;0.0000;0.0170;0.0070;0.0080;0.0000;3.2340;0.8090;1.6170;0.0000;0.0000;0.0000;0.0000;4
KBPL16;weak_dry;3;0.0000;0.0990;0.1410;0.1250;0.0180;0.0000;0.0830;0.0430;0.0400;0.0000;4.1410;1.1160;2.0220;0.0000;0.0830;0.0210;0.0000;4
KBPL16;weak_dry;4;0.0000;0.0110;0.1520;0.0790;0.0740;0.0000;0.0080;0.0030;0.0040;0.0000;0.0870;0.0220;0.0430;0.0000;0.0400;0.0100;0.0000;4
KBPL16;weak_dry;O;4.2500;1.9420;7.1350;5.2960;2.4480;0.0000;0.7160;0.2550;0.3390;0.0000;7.3610;2.1870;3.4650;0.0000;0.2150;0.0540;0.0000;4
KBPL16;weak_rain;1;0.0000;0.1930;0.6340;0.3580;0.1920;0.0000;0.0000;0.0000;0.0000;0.0000;2.2870;0.5780;1.1390;0.0000;0.2750;0.0690;0.0000;4
KBPL16;weak_rain;2;0.0000;0.0410;0.4680;0.2790;0.1980;0.0000;0.0000;0.0000;0.0000;0.0000;0.3860;0.0960;0.1930;0.0000;0.0000;0.0000;0.0000;4
KBPL16;weak_rain;3;0.0000;0.0250;0.1380;0.1030;0.0530;0.0000;0.1380;0.0340;0.0690;0.0000;21.2960;5.4070;10.5940;0.0000;0.0000;0.0000;0.0000;4
KBPL16;weak_rain;4;0.0000;0.0000;0.1100;0.0430;0.0480;0.0000;0.0000;0.0000;0.0000;0.0000;0.3440;0.1340;0.1670;0.0000;0.0000;0.0000;0.0000;4
KBPL16;weak_rain;O;5.2500;1.6530;14.6010;5.9460;5.8860;0.0000;0.0000;0.0000;0.0000;0.0000;2.7940;1.2040;1.1920;0.0000;2.0860;0.5210;1.0000;4
KBPL2;strong_dry;1;0.0000;0.4790;2.5620;1.5740;0.8550;0.0000;0.2840;0.1140;0.1220;0.4130;2.3530;1.7250;0.8850;0.0000;1.4880;0.3720;1.0000;4
KBPL2;strong_dry;2;0.0000;0.4270;0.7880;0.5500;0.1620;0.0000;0.4680;0.1240;0.2300;0.8840;2.4020;1.4750;0.6570;0.0000;1.1570;0.2890;1.0000;4
KBPL2;strong_dry;3;0.0000;0.0360;1.0740;0.3670;0.4760;0.0000;0.3030;0.1410;0.1570;0.0000;4.7110;2.2590;2.6130;0.0000;0.0000;0.0000;0.0000;4
KBPL2;strong_dry;4;0.0000;0.0340;0.6790;0.2820;0.2950;0.0000;0.3600;0.0910;0.1790;0.0000;0.1570;0.0390;0.0790;0.0000;0.0000;0.0000;0.0000;4
KBPL2;strong_dry;O;1.7500;11.5850;35.5390;22.2380;10.3480;0.0000;0.9090;0.5590;0.4090;0.0000;39.2030;10.4890;19.1860;0.0000;0.0000;0.0000;0.0000;4
KBPL3;strong_dry;1;0.0000;0.5950;2.2980;1.3200;0.7180;0.0110;0.2090;0.1040;0.0820;0.0000;4.5480;1.5100;2.0570;0.0000;0.0000;0.0000;0.0000;4
KBPL3;strong_dry;2;0.0000;0.7520;5.4820;2.0660;2.2820;0.0000;0.3310;0.1170;0.1560;0.0000;6.2260;2.5870;3.0530;0.0000;0.0000;0.0000;0.0000;4
KBPL3;strong_dry;3;0.0000;0.2750;0.8260;0.5640;0.2890;0.0000;0.2200;0.0640;0.1050;0.0000;0.8820;0.3890;0.4570;0.0000;0.0000;0.0000;0.0000;4
KBPL3;strong_dry;4;0.0000;0.0060;0.3260;0.1070;0.1500;0.0000;0.0040;0.0010;0.0020;0.0000;2.6270;0.6570;1.3130;0.0000;0.0000;0.0000;0.0000;4
KBPL3;strong_dry;O;3.0000;3.7470;11.9380;7.4610;3.6940;0.0000;0.8260;0.2360;0.3970;0.0000;4.3670;1.0920;2.1830;0.0000;0.0000;0.0000;0.0000;4
KBPL4;strong_dry;1;0.0000;0.1160;0.9090;0.4850;0.3790;0.0000;0.6060;0.2470;0.2640;0.0000;0.3030;0.0760;0.1520;0.0000;0.2480;0.0620;0.0000;4
KBPL4;strong_dry;2;0.0000;0.5810;1.5430;0.9580;0.4580;0.0000;0.0280;0.0070;0.0140;0.2340;3.0520;1.1940;1.2820;0.0000;0.0000;0.0000;0.0000;4
KBPL4;strong_dry;3;0.0000;0.0830;0.5230;0.3770;0.2000;0.0170;0.6030;0.2400;0.2750;0.0000;0.9370;0.4410;0.5110;0.0000;1.4240;0.3560;1.0000;4
KBPL4;strong_dry;O;3.0000;2.0200;4.1320;2.9640;0.9000;0.0000;1.9280;0.6660;0.9100;0.0000;0.4680;0.1170;0.2340;0.0000;0.0000;0.0000;0.0000;4
KBPL4;weak_rain;1;0.0000;0.1710;1.0080;0.7390;0.3880;0.0000;0.0550;0.0140;0.0280;0.0000;5.4470;1.8480;2.4890;0.0000;0.0000;0.0000;0.0000;4
KBPL4;weak_rain;2;0.0000;0.1960;1.1740;0.5450;0.4340;0.0000;0.0910;0.0230;0.0450;0.0000;9.2400;2.7380;4.4090;0.0000;0.0000;0.0000;0.0000;4
KBPL4;weak_rain;3;0.0000;0.0000;0.3250;0.1900;0.1370;0.0000;0.0000;0.0000;0.0000;0.2780;7.7660;2.3670;3.6130;0.0000;0.0000;0.0000;0.0000;4
KBPL4;weak_rain;4;0.0000;0.0550;0.4890;0.2270;0.1850;0.0000;0.0260;0.0100;0.0130;0.0000;4.2410;1.2200;2.0200;0.0000;0.0000;0.0000;0.0000;4
KBPL4;weak_rain;O;2.7500;4.6560;8.0890;6.3660;1.6350;0.0000;2.7630;0.9280;1.3020;0.0000;0.0000;0.0000;0.0000;0.0000;0.0000;0.0000;0.0000;4
KBPL5;strong_dry;1;0.0000;0.3030;0.6610;0.4330;0.1580;0.0550;0.1410;0.0980;0.0360;0.4960;8.2920;3.2670;3.4610;0.0000;0.0000;0.0000;0.0000;4
KBPL5;strong_dry;2;0.0000;0.0000;1.2950;0.5160;0.5610;0.0000;0.0000;0.0000;0.0000;0.0000;67.3580;17.5490;33.2330;0.0000;0.0000;0.0000;0.0000;4
KBPL5;strong_dry;3;0.0000;0.0000;0.4050;0.2380;0.1980;0.0000;0.0000;0.0000;0.0000;0.0000;0.6390;0.1930;0.3040;0.0000;0.0000;0.0000;0.0000;4
KBPL5;strong_dry;O;2.0000;5.5370;12.4520;8.9160;2.8340;0.0000;0.3990;0.2000;0.2310;0.0000;5.2480;2.7340;2.5210;0.0000;6.9290;2.6380;3.0000;4
KBPL5;weak_rain;1;0.0000;0.3090;0.8150;0.5670;0.2090;0.0500;0.1210;0.0860;0.0350;0.0000;1.3110;0.4480;0.5910;0.0000;0.0000;0.0000;0.0000;4
KBPL5;weak_rain;2;0.0000;0.1160;0.5870;0.2860;0.2070;0.0000;0.0850;0.0400;0.0350;0.0000;0.9170;0.2290;0.4590;0.0000;0.7850;0.2530;0.0000;4
KBPL5;weak_rain;3;0.0000;0.1630;0.6090;0.3430;0.2000;0.0000;0.1050;0.0310;0.0500;0.0000;0.4490;0.2070;0.1900;0.0000;0.0000;0.0000;0.0000;4
KBPL5;weak_rain;4;0.0000;0.0180;0.1720;0.0780;0.0670;0.0000;0.0170;0.0040;0.0080;0.0000;0.0510;0.0130;0.0250;0.0000;0.0000;0.0000;0.0000;4
KBPL5;weak_rain;O;2.1250;1.0190;6.6390;4.3590;2.7680;0.0000;5.7850;1.4460;2.8930;0.0000;12.6660;4.4100;5.9830;0.0000;0.0000;0.0000;0.0000;4
KBPL6;strong_dry;1;0.0000;0.0000;1.9500;0.6450;0.6180;0.0000;0.3000;0.1730;0.1070;0.0000;7.3010;2.1460;2.5420;0.0000;0.3860;0.0770;0.0000;8
KBPL6;strong_dry;2;0.0000;0.0000;0.6280;0.3140;0.1940;0.0000;0.1020;0.0250;0.0350;0.0000;6.0140;1.3400;2.0570;0.0000;0.0000;0.0000;0.0000;8
KBPL6;strong_dry;3;0.0000;0.0000;0.2590;0.1320;0.0910;0.0000;0.2810;0.0790;0.0980;0.0000;86.4230;11.0210;30.4690;0.0000;0.0000;0.0000;0.0000;8
KBPL6;strong_dry;4;0.0000;0.0000;0.1240;0.0530;0.0460;0.0000;0.0560;0.0080;0.0200;0.0000;0.7440;0.1600;0.3010;0.0000;0.5920;0.0740;0.0000;8
KBPL6;strong_dry;O;3.2500;1.6670;12.9480;5.2930;4.6530;0.0000;4.1600;1.2530;1.6780;0.0000;3.1540;0.7710;1.4280;0.0000;6.7500;1.2040;2.0000;8
KBPL6;strong_rain;1;0.0000;0.4770;2.1210;1.1600;0.7170;0.0000;0.1680;0.0420;0.0840;0.0000;1.9700;0.6330;0.9300;0.0000;0.0000;0.0000;0.0000;4
KBPL6;strong_rain;2;0.0000;0.2010;1.0280;0.5230;0.3670;0.0000;0.0000;0.0000;0.0000;0.0000;1.6640;0.7310;0.8600;0.0000;0.0000;0.0000;0.0000;4
KBPL6;strong_rain;3;0.0000;0.0330;0.6420;0.2820;0.2670;0.0000;0.0000;0.0000;0.0000;0.5920;82.6810;23.9380;39.4360;0.0000;0.0000;0.0000;0.0000;4
KBPL6;strong_rain;4;0.0000;0.0000;0.2950;0.1050;0.1360;0.0000;0.0210;0.0050;0.0100;0.0000;0.6050;0.1560;0.2990;0.0000;0.0000;0.0000;0.0000;4
KBPL6;strong_rain;O;1.8750;1.3940;8.8710;6.3540;3.4300;0.0000;0.0000;0.0000;0.0000;0.0000;1.1240;0.2810;0.5620;0.0000;0.0000;0.0000;0.0000;4
KBPL6;weak_dry;1;0.0000;0.3030;1.0580;0.7640;0.3480;0.0000;0.0580;0.0230;0.0280;0.2920;1.5790;0.8950;0.6580;0.0000;0.0000;0.0000;0.0000;4
KBPL6;weak_dry;2;0.0000;0.0300;0.5510;0.2790;0.2160;0.0000;0.0330;0.0110;0.0160;0.0000;0.4270;0.1890;0.1830;0.0000;0.0000;0.0000;0.0000;4
KBPL6;weak_dry;3;0.0000;0.0850;0.3060;0.1680;0.1200;0.0000;0.0000;0.0000;0.0000;0.0000;0.3310;0.1100;0.1910;0.0000;0.3090;0.1140;0.0000;4
KBPL6;weak_dry;4;0.0000;0.0110;0.0870;0.0390;0.0420;0.0000;0.0140;0.0090;0.0080;0.0000;0.1410;0.0470;0.0810;0.0000;0.0000;0.0000;0.0000;4
KBPL6;weak_dry;O;3.2500;1.5610;6.1890;3.8750;3.2730;0.0000;0.0000;0.0000;0.0000;0.0000;0.0000;0.0000;0.0000;0.0000;0.0000;0.0000;0.0000;4
KBPL6;weak_rain;1;0.0000;0.1540;1.1130;0.6460;0.3590;0.0000;0.2150;0.0270;0.0760;0.0000;3.8130;1.4560;1.2680;0.0000;0.0830;0.0150;0.0000;8
KBPL6;weak_rain;2;0.0000;0.1100;1.0630;0.3900;0.3150;0.0000;0.0000;0.0000;0.0000;0.0000;8.8430;2.5230;2.9520;0.0000;0.1650;0.0580;0.0000;8
KBPL6;weak_rain;3;0.0000;0.0000;0.3280;0.1210;0.1160;0.0000;0.0000;0.0000;0.0000;0.0000;2.6120;0.5090;0.8870;0.0000;0.0000;0.0000;0.0000;8
KBPL6;weak_rain;4;0.0000;0.0000;0.1860;0.0440;0.0630;0.0000;0.0500;0.0060;0.0180;0.0000;3.0570;0.3930;1.0760;0.0000;0.0000;0.0000;0.0000;8
KBPL6;weak_rain;O;3.0000;0.2300;4.5920;2.4190;1.3850;0.0000;0.1470;0.0180;0.0520;0.0000;1.4140;0.4180;0.6060;0.0000;0.0000;0.0000;0.0000;8
KBPL7;strong_dry;1;0.0000;0.1100;2.3800;1.1120;1.0770;0.0000;0.0000;0.0000;0.0000;0.3030;11.3780;3.2960;5.4020;0.0000;0.0000;0.0000;0.0000;4
KBPL7;strong_dry;2;0.0000;0.2840;1.5540;0.8250;0.5800;0.0000;0.0140;0.0030;0.0070;0.0000;1.8210;0.7560;0.9090;0.0000;0.2840;0.0710;0.0000;4
KBPL7;strong_dry;3;0.0000;0.1100;0.6450;0.3200;0.2590;0.0000;0.0000;0.0000;0.0000;0.0000;7.3970;1.9700;3.6250;0.0000;0.0000;0.0000;0.0000;4
KBPL7;strong_dry;O;4.0000;0.5230;2.1420;1.1310;0.7280;0.0000;0.0000;0.0000;0.0000;0.0000;13.9810;3.6210;6.9110;0.0000;1.7700;0.4430;1.0000;4
KBPL7;weak_rain;1;0.0000;0.0470;0.7930;0.3860;0.3410;0.0000;0.3530;0.0970;0.1710;0.0000;4.1380;1.0340;2.0690;0.0000;0.0000;0.0000;0.0000;4
KBPL7;weak_rain;2;0.0000;0.0000;0.8870;0.3900;0.3870;0.0000;0.3550;0.1800;0.1520;0.0000;1.2290;0.4720;0.5920;0.0000;0.3800;0.0950;0.0000;4
KBPL7;weak_rain;3;0.0000;0.0000;0.4080;0.2050;0.1670;0.0000;0.4990;0.1450;0.2390;0.0000;0.5230;0.2960;0.2430;0.0000;0.0740;0.0190;0.0000;4
KBPL7;weak_rain;4;0.0000;0.0550;0.1980;0.1330;0.0710;0.0000;0.1570;0.0390;0.0790;0.0430;1.5990;0.4770;0.7500;0.0000;0.0540;0.0180;0.0000;4
KBPL7;weak_rain;O;4.5000;0.2200;5.9140;2.1410;2.6290;0.2200;10.3400;2.9820;4.9110;0.0000;3.4570;1.4820;1.7580;0.0000;0.0830;0.0210;0.0000;4
KBPL8;strong_dry;1;0.0000;0.3860;2.0990;1.0650;0.7580;0.0000;0.1650;0.0690;0.0700;0.0000;0.1650;0.0410;0.0830;0.0000;0.3330;0.0830;0.0000;4
KBPL8;strong_dry;2;0.0000;0.4680;1.3660;0.7750;0.4070;0.0000;0.1460;0.0580;0.0650;0.0000;12.7440;3.2620;6.3230;0.0000;9.0640;2.2660;5.0000;4
KBPL8;strong_dry;3;0.0000;0.2400;0.7710;0.4250;0.2490;0.0000;0.0880;0.0520;0.0380;0.0000;0.0000;0.0000;0.0000;0.0000;0.0000;0.0000;0.0000;4
KBPL8;strong_dry;O;2.0000;0.5510;5.6480;4.1770;2.4250;0.0000;0.0960;0.0240;0.0480;0.0000;0.0000;0.0000;0.0000;0.0000;0.6890;0.1720;0.0000;4
KBPL8;weak_rain;1;0.0000;0.3030;0.9280;0.5190;0.2810;0.0190;0.2730;0.1710;0.1080;0.0000;0.2950;0.0740;0.1470;0.0000;0.0000;0.0000;0.0000;4
KBPL8;weak_rain;2;0.0000;0.1540;0.5790;0.2860;0.1970;0.0470;0.2670;0.1370;0.0940;0.0000;2.2480;0.6320;1.0860;0.0000;0.0000;0.0000;0.0000;4
KBPL8;weak_rain;3;0.0000;0.0000;0.3250;0.1240;0.1180;0.0000;0.0910;0.0280;0.0360;0.0000;10.7030;1.8560;4.3370;0.0000;0.0000;0.0000;0.0000;6
KBPL8;weak_rain;4;0.0000;0.0100;0.1970;0.1030;0.1320;0.0210;0.0650;0.0430;0.0310;0.0000;0.5360;0.2680;0.3790;0.0000;0.0000;0.0000;0.0000;2
KBPL8;weak_rain;O;5.8750;0.9400;15.9240;6.4610;6.6320;0.0840;1.9280;0.9110;0.9380;0.0000;0.5460;0.1370;0.2730;0.0000;0.0000;0.0000;0.0000;4
KBPL9;strong_dry;1;0.0000;0.3310;1.7520;0.9060;0.6780;0.0000;0.1100;0.0500;0.0590;0.0000;5.5870;2.6640;2.3900;0.0000;0.2200;0.0550;0.0000;4
KBPL9;strong_dry;2;0.0000;0.4680;1.3830;0.8310;0.4150;0.0000;0.0000;0.0000;0.0000;0.0000;0.9370;0.4090;0.4820;0.0000;0.0000;0.0000;0.0000;4
KBPL9;strong_dry;3;0.0000;0.3220;1.7110;0.7910;0.6290;0.0000;0.0690;0.0280;0.0340;0.9640;74.8270;20.2540;36.3980;0.0000;0.0000;0.0000;0.0000;4
KBPL9;strong_dry;O;1.0000;3.0300;7.9070;5.0760;2.1500;0.0000;1.1020;0.5990;0.4700;0.0000;2.4790;0.6200;1.2400;0.0000;8.2370;2.0590;4.0000;4
KBPL9;weak_rain;1;0.0000;0.7140;0.9060;0.8200;0.0800;0.0110;0.3420;0.1160;0.1540;0.0000;0.6780;0.3400;0.3410;0.0000;0.0000;0.0000;0.0000;4
KBPL9;weak_rain;2;0.0000;0.2670;1.2650;0.6960;0.4150;0.0190;0.0720;0.0370;0.0240;0.0000;0.7470;0.3250;0.3840;0.0000;4.9750;1.2650;2.0000;4
KBPL9;weak_rain;3;0.0000;0.0300;0.3390;0.1690;0.1300;0.0000;0.0660;0.0420;0.0300;0.0000;0.1870;0.0470;0.0940;0.0000;0.0000;0.0000;0.0000;4
KBPL9;weak_rain;4;0.0000;0.0760;0.1290;0.1140;0.0260;0.0000;0.0170;0.0060;0.0080;0.0000;0.9240;0.3680;0.4520;0.0000;0.0000;0.0000;0.0000;4
KBPL9;weak_rain;O;0.7500;0.0000;18.2930;8.5950;7.6410;0.0000;3.7190;0.9300;1.8600;0.0000;6.2810;1.5700;3.1410;0.0000;1.1020;0.2750;1.0000;4
NPL1;strong_dry;1;0.0000;0.2200;0.6610;0.4350;0.2170;0.0000;0.6610;0.2270;0.2950;0.0000;7.7630;3.1770;3.2870;0.0000;0.0000;0.0000;0.0000;8
NPL1;strong_dry;2;0.0000;0.2120;1.4790;0.7840;0.4610;0.0000;0.1240;0.0240;0.0440;0.0000;10.3030;2.8460;3.7340;0.0000;1.3440;0.3790;1.0000;8
NPL1;strong_dry;3;0.0000;0.1930;1.4350;0.6460;0.4220;0.0000;0.2370;0.0730;0.0900;0.0000;12.6670;4.1700;4.9050;0.0000;2.6720;0.4650;1.0000;8
NPL1;strong_dry;4;0.0000;0.0100;1.1060;0.2930;0.3740;0.0000;0.0610;0.0150;0.0220;0.0000;18.7380;4.8380;7.2450;0.0000;0.7410;0.0930;0.0000;8
NPL1;strong_dry;O;1.7143;2.0880;15.4520;9.2790;6.5170;0.0400;0.9430;0.4380;0.3910;1.1970;3.0500;1.9420;0.7860;0.0000;0.7800;0.1950;0.0000;8
NPL1;strong_rain;1;0.0000;0.1490;2.1050;1.0760;0.8030;0.0000;0.0000;0.0000;0.0000;2.2870;8.9290;4.8200;2.9500;0.0000;0.0000;0.0000;0.0000;4
NPL1;strong_rain;2;0.0000;0.2010;0.3030;0.2530;0.0460;0.0000;0.0000;0.0000;0.0000;0.1130;8.5320;2.6740;3.9290;0.0000;0.0000;0.0000;0.0000;4
NPL1;strong_rain;3;0.0000;0.0000;0.6940;0.2860;0.2960;0.0000;0.0000;0.0000;0.0000;0.0000;20.4310;5.8510;9.7830;0.0000;0.0000;0.0000;0.0000;4
NPL1;strong_rain;4;0.0000;0.0450;0.1240;0.0800;0.0320;0.0000;0.0000;0.0000;0.0000;0.0000;3.3180;0.8670;1.6360;0.0000;0.0000;0.0000;0.0000;4
NPL1;strong_rain;O;0.0000;4.9680;14.2430;8.9240;3.9910;0.0000;0.0000;0.0000;0.0000;0.0000;5.0280;2.9790;2.1950;0.0000;0.8430;0.2110;0.0000;4
NPL1;weak_dry;1;0.0000;0.3030;1.1430;0.6630;0.3890;0.0000;0.0000;0.0000;0.0000;0.0000;5.6090;3.7660;2.6190;0.0000;0.0000;0.0000;0.0000;4
NPL1;weak_dry;2;0.0000;0.3140;2.0770;0.8800;0.8240;0.0000;0.0000;0.0000;0.0000;1.5680;13.3970;8.2880;4.9250;0.0000;0.0000;0.0000;0.0000;4
NPL1;weak_dry;3;0.0000;0.1380;0.4330;0.2710;0.1290;0.0000;0.0000;0.0000;0.0000;0.1820;18.6650;6.5270;8.6960;0.0000;0.6230;0.1560;0.0000;4
NPL1;weak_dry;4;0.0000;0.0770;0.3170;0.1740;0.1040;0.0000;0.0000;0.0000;0.0000;0.0000;8.0650;2.9590;3.7680;0.0000;0.0060;0.0010;0.0000;4
NPL1;weak_dry;O;0.0000;3.6140;30.2020;12.7160;12.4740;0.0000;0.0000;0.0000;0.0000;0.0000;1.8110;0.7150;0.8820;0.0000;0.0000;0.0000;0.0000;4
NPL1;weak_rain;1;0.0000;0.0000;1.5180;0.5990;0.4770;0.0000;1.0110;0.2100;0.3480;0.0000;4.3780;1.1020;1.5020;0.0000;0.2950;0.0520;0.0000;8
NPL1;weak_rain;2;0.0000;0.0440;0.5560;0.3470;0.2150;0.0000;0.2670;0.0580;0.0900;0.1540;21.2680;5.8500;8.2320;0.0000;1.4740;0.2700;1.0000;8
NPL1;weak_rain;3;0.0000;0.0800;1.0410;0.3870;0.3220;0.0000;0.1240;0.0370;0.0520;0.0000;6.9920;1.6050;2.6790;0.0000;0.0000;0.0000;0.0000;8
NPL1;weak_rain;4;0.0000;0.0560;0.3760;0.1950;0.1190;0.0000;0.0610;0.0120;0.0230;0.0000;13.4040;3.9100;4.3960;0.0000;0.0000;0.0000;0.0000;8
NPL1;weak_rain;O;1.5000;0.0750;10.5820;4.8630;3.6660;0.0000;2.2830;0.3360;0.7900;0.0000;4.3160;1.2280;1.8430;0.0000;0.0000;0.0000;0.0000;8
NPL10;strong_dry;1;0.0000;0.0000;2.4240;0.9850;1.0510;0.5230;0.8540;0.6340;0.1510;0.0830;4.7390;2.8380;2.2800;0.0000;1.4880;0.3720;1.0000;8
NPL10;strong_dry;2;0.0000;0.0000;1.5510;0.3370;0.5190;0.0000;1.4880;0.2550;0.5100;0.0000;4.3170;1.3410;1.9270;0.0000;11.0200;1.5170;4.0000;8
NPL10;strong_dry;3;0.0000;0.0000;0.2290;0.0510;0.0950;0.0000;0.4680;0.0790;0.1680;0.0000;3.1960;0.6980;1.1480;0.0000;2.4160;0.3020;1.0000;8
NPL10;strong_dry;4;0.0000;0.0000;0.0180;0.0030;0.0070;0.0000;0.3310;0.0500;0.1150;0.0000;0.3320;0.0450;0.1160;0.0000;4.5500;0.6990;2.0000;8
NPL10;strong_dry;O;1.3333;0.2360;16.5300;6.9120;7.9990;0.0000;4.7570;1.3750;2.2680;0.0000;8.1270;2.8120;3.8370;0.0000;4.3390;1.0850;2.0000;8
NPL10;strong_rain;1;0.0000;0.0000;2.6450;1.2530;1.0950;0.0000;0.7000;0.1750;0.3500;0.5480;8.2570;3.1700;3.5190;0.0000;0.0000;0.0000;0.0000;4
NPL10;strong_rain;2;0.0000;0.0000;0.8980;0.2760;0.4190;0.0000;0.0000;0.0000;0.0000;0.0000;7.7110;3.2740;3.7050;0.0000;0.0000;0.0000;0.0000;4
NPL10;strong_rain;3;0.0000;0.0000;0.2950;0.0980;0.1390;0.0000;0.0850;0.0310;0.0410;0.0000;1.4520;0.3630;0.7260;0.0000;14.5710;6.5500;8.0000;4
NPL10;strong_rain;4;0.0000;0.0000;0.1230;0.0310;0.0610;0.0000;0.0150;0.0040;0.0080;0.0000;0.3310;0.0830;0.1650;0.0000;4.6820;1.1710;2.0000;4
NPL10;strong_rain;O;0.0000;1.2670;7.5270;4.1240;3.1730;0.0000;0.8710;0.2660;0.4130;0.0000;6.6670;3.1320;2.8030;0.0000;0.0000;0.0000;0.0000;4
NPL10;weak_dry;1;0.0000;0.2290;2.0410;0.9770;0.7730;0.0000;0.0740;0.0270;0.0350;0.0000;1.5620;0.5630;0.6960;0.0000;0.0000;0.0000;0.0000;4
NPL10;weak_dry;2;0.0000;0.0630;0.6420;0.3400;0.3150;0.0000;0.2640;0.0660;0.1320;0.0000;0.2070;0.0880;0.1050;0.0000;0.4820;0.1950;0.0000;4
NPL10;weak_dry;3;0.0000;0.0000;0.0360;0.0170;0.0190;0.0000;0.0360;0.0090;0.0180;0.0000;0.0000;0.0000;0.0000;0.0000;0.0000;0.0000;0.0000;4
NPL10;weak_dry;4;0.0000;0.0000;0.0210;0.0050;0.0100;0.0000;0.0000;0.0000;0.0000;0.0000;0.0000;0.0000;0.0000;0.0000;0.0000;0.0000;0.0000;4
NPL10;weak_dry;O;0.7500;7.3350;16.0340;10.8220;3.7250;0.0000;0.0000;0.0000;0.0000;2.7000;24.2620;11.2610;9.2730;0.0000;3.4880;1.1370;2.0000;4
NPL10;weak_rain;1;0.0000;0.1850;1.9920;1.1440;0.6120;0.0000;0.0800;0.0160;0.0310;0.0000;4.5650;1.7720;1.6890;0.0000;0.0000;0.0000;0.0000;8
NPL10;weak_rain;2;0.0000;0.0990;2.6500;0.5250;0.8640;0.0000;0.0000;0.0000;0.0000;0.0000;1.8180;0.5290;0.6550;0.0000;0.0000;0.0000;0.0000;8
NPL10;weak_rain;3;0.0000;0.0000;0.3060;0.0930;0.1120;0.0000;0.0720;0.0190;0.0290;0.0000;2.2370;0.6920;0.8550;0.0000;0.0000;0.0000;0.0000;8
NPL10;weak_rain;4;0.0000;0.0000;0.2120;0.0330;0.0730;0.0000;0.0670;0.0200;0.0290;0.0000;1.8380;0.2380;0.6470;0.0000;0.8290;0.2370;0.0000;8
NPL10;weak_rain;O;1.3333;6.2650;15.0560;10.0080;3.5790;0.0000;0.1380;0.0170;0.0490;0.0000;40.5530;14.3420;14.0770;0.0000;2.9620;0.3700;1.0000;8
NPL11;strong_dry;1;0.0000;0.2750;1.0190;0.6750;0.3730;0.0000;0.2750;0.1100;0.1180;0.0000;2.8100;0.7580;1.3720;0.0000;0.2200;0.0550;0.0000;8
NPL11;strong_dry;2;0.0000;0.0000;1.5100;0.3950;0.5640;0.0000;0.2200;0.0300;0.0770;0.0000;4.2670;1.8340;1.8360;0.0000;1.0990;0.2580;0.0000;8
NPL11;strong_dry;3;0.0000;0.0000;1.2950;0.2050;0.4510;0.0000;0.1100;0.0140;0.0390;0.0000;33.4340;6.1920;11.9760;0.0000;6.4190;0.8020;2.0000;8
NPL11;strong_dry;4;0.0000;0.0000;1.3420;0.4180;0.5840;0.0000;0.3600;0.0750;0.1310;0.0000;3.1170;0.3900;1.1020;0.0000;1.2740;0.3240;0.0000;8
NPL11;strong_dry;O;1.7143;0.7990;7.3470;2.8970;3.0610;0.0000;0.6610;0.3170;0.3670;0.0000;4.3160;1.0790;2.1580;0.0000;0.0000;0.0000;0.0000;8
NPL11;strong_rain;1;0.0000;0.0000;1.3110;0.7380;0.5500;0.0000;0.0000;0.0000;0.0000;0.3640;4.1490;2.0200;1.6160;0.0000;0.3830;0.0960;0.0000;4
NPL11;strong_rain;2;0.0000;0.1520;0.7470;0.3540;0.2670;0.0000;0.0000;0.0000;0.0000;1.4350;3.2230;2.0300;0.8340;0.0000;26.1200;6.5600;13.0000;4
NPL11;strong_rain;3;0.0000;0.0000;0.5450;0.1690;0.2560;0.0000;0.0000;0.0000;0.0000;0.0000;3.8760;2.1920;1.8690;0.0000;0.4520;0.1130;0.0000;4
NPL11;strong_rain;4;0.0000;0.0000;0.2230;0.0560;0.1120;0.0000;0.0000;0.0000;0.0000;0.0000;6.0320;2.1500;2.8570;0.0000;0.0870;0.0220;0.0000;4
NPL11;strong_rain;O;0.0000;0.4780;4.0590;2.6490;1.5410;0.0000;0.0000;0.0000;0.0000;0.0000;4.1490;1.3280;1.9160;0.0000;0.3670;0.0920;0.0000;4
NPL11;weak_dry;1;0.0000;0.2480;0.7880;0.6070;0.2440;0.0000;0.1570;0.0560;0.0740;0.0000;0.5730;0.1430;0.2870;0.0000;0.2150;0.1010;0.0000;4
NPL11;weak_dry;2;0.0000;0.1290;0.5150;0.2870;0.1860;0.0000;0.1350;0.0940;0.0640;0.0000;0.6230;0.2160;0.2940;0.0000;0.1570;0.0500;0.0000;4
NPL11;weak_dry;3;0.0000;0.0000;0.3390;0.1090;0.1600;0.0000;0.2420;0.0610;0.1210;0.0000;0.0000;0.0000;0.0000;0.0000;0.1050;0.0260;0.0000;4
NPL11;weak_dry;4;0.0000;0.0000;0.0230;0.0060;0.0120;0.0000;0.0630;0.0160;0.0320;0.0000;0.0000;0.0000;0.0000;0.0000;0.0000;0.0000;0.0000;4
NPL11;weak_dry;O;0.0000;6.1020;36.6130;17.6820;16.5310;0.0000;0.2620;0.1580;0.1390;0.0000;18.8780;8.5890;9.5530;0.0000;1.1090;0.4430;1.0000;4
NPL11;weak_rain;1;0.0000;0.3000;0.7550;0.5750;0.1490;0.0000;0.1490;0.0530;0.0660;0.0000;3.5700;1.3350;1.1170;0.0000;3.9510;0.8570;1.0000;8
NPL11;weak_rain;2;0.0000;0.0000;0.7440;0.1800;0.3010;0.0000;0.0610;0.0180;0.0250;0.0000;7.1930;1.6840;2.7440;0.0000;0.1290;0.0220;0.0000;8
NPL11;weak_rain;3;0.0000;0.0000;0.3830;0.0950;0.1660;0.0000;0.0190;0.0040;0.0090;0.0000;1.7580;0.3700;0.7770;0.0000;0.6120;0.1220;0.0000;8
NPL11;weak_rain;4;0.0000;0.0000;0.0360;0.0070;0.0160;0.0000;0.1290;0.0260;0.0580;0.0000;0.0000;0.0000;0.0000;0.0000;0.1280;0.0260;0.0000;8
NPL11;weak_rain;O;1.7143;0.3470;5.9370;2.6310;2.1450;0.0000;0.2750;0.0830;0.1110;0.0000;9.3670;2.4040;3.5150;0.0000;1.8900;0.2360;1.0000;8
NPL12;strong_dry;1;0.0000;0.0000;1.5900;0.6500;0.7870;0.0910;0.9970;0.5630;0.4060;0.0000;2.7190;1.0230;1.1980;0.0000;0.5870;0.3210;0.0000;8
NPL12;strong_dry;2;0.0000;0.0000;1.9390;0.7300;0.8750;0.0000;0.7990;0.2580;0.3460;0.0000;8.8980;2.3690;3.4510;0.0000;0.6030;0.1270;0.0000;8
NPL12;strong_dry;3;0.0000;0.0000;0.4850;0.1670;0.1560;0.0000;0.7850;0.1550;0.2770;0.0000;8.9090;1.3100;3.0870;0.0000;0.0000;0.0000;0.0000;8
NPL12;strong_dry;4;0.0000;0.0000;0.0910;0.0190;0.0360;0.0000;0.0740;0.0090;0.0260;0.0000;0.2890;0.0360;0.1020;0.0000;0.4550;0.0570;0.0000;8
NPL12;strong_dry;O;1.5000;3.9490;15.0740;8.2320;5.1880;0.5880;4.6050;2.4240;1.8630;0.0000;4.4170;2.1020;2.4330;0.0000;1.4560;0.7000;1.0000;8
NPL12;strong_rain;1;0.0000;0.1760;1.8510;1.2040;0.7380;0.0000;0.0000;0.0000;0.0000;0.3880;3.3090;1.7000;1.4000;0.0000;0.0000;0.0000;0.0000;4
NPL12;strong_rain;2;0.0000;0.0000;0.2670;0.1160;0.1300;0.0000;0.0000;0.0000;0.0000;0.0000;16.9870;4.5170;8.3220;0.0000;0.0000;0.0000;0.0000;4
NPL12;strong_rain;3;0.0000;0.0000;0.0000;0.0000;0.0000;0.0000;0.0000;0.0000;0.0000;0.0000;2.4630;0.8550;1.1630;0.0000;0.4880;0.1220;0.0000;4
NPL12;strong_rain;4;0.0000;0.0000;0.0000;0.0000;;0.0000;0.0000;0.0000;;0.0000;0.0000;0.0000;;0.0000;0.0000;0.0000;;4
NPL12;strong_rain;O;0.0000;0.0280;2.5180;0.8090;1.1670;0.0000;0.0000;0.0000;0.0000;0.0000;34.0290;11.5600;15.5360;0.0000;10.9870;2.7470;5.0000;4
NPL12;weak_dry;1;0.0000;0.0960;2.4300;1.1470;0.9630;0.0000;0.0000;0.0000;0.0000;0.0000;6.7770;2.8480;3.1510;0.0000;0.0000;0.0000;0.0000;4
NPL12;weak_dry;2;0.0000;0.0000;1.1630;0.5740;0.5750;0.0000;0.0300;0.0080;0.0150;0.0000;4.2480;1.6430;1.8610;0.0000;0.0000;0.0000;0.0000;4
NPL12;weak_dry;3;0.0000;0.0110;0.6420;0.2250;0.2900;0.0000;0.0000;0.0000;0.0000;0.0000;1.1320;0.2830;0.5660;0.0000;0.0000;0.0000;0.0000;4
NPL12;weak_dry;4;0.0000;0.0000;0.0000;0.0000;0.0000;0.0000;0.0000;0.0000;0.0000;0.0000;0.0000;0.0000;0.0000;0.0000;0.0000;0.0000;0.0000;4
NPL12;weak_dry;O;0.0000;1.9190;12.8240;7.1370;4.5470;0.0000;0.1650;0.0410;0.0830;0.0000;5.5790;2.6700;2.8590;0.0000;0.0000;0.0000;0.0000;4
NPL12;weak_rain;1;0.0000;0.4460;4.5180;1.7620;1.3690;0.0000;0.9090;0.1270;0.3180;0.0470;9.8900;2.8280;3.1690;0.0000;0.8820;0.1100;0.0000;8
NPL12;weak_rain;2;0.0000;0.0000;1.6530;0.7790;0.7450;0.0000;0.0000;0.0000;0.0000;0.8490;11.8490;6.0170;4.6590;0.0000;0.0000;0.0000;0.0000;8
NPL12;weak_rain;3;0.0000;0.0000;0.6720;0.3060;0.3340;0.0000;0.0000;0.0000;0.0000;0.0000;12.4000;2.1730;5.0130;0.0000;0.0000;0.0000;0.0000;8
NPL12;weak_rain;4;0.0000;0.0000;0.0170;0.0040;0.0080;0.0000;0.0000;0.0000;0.0000;0.0000;0.0000;0.0000;0.0000;0.0000;0.0000;0.0000;0.0000;8
NPL12;weak_rain;O;1.5000;0.9990;7.5760;3.0060;2.4130;0.0000;0.1720;0.0250;0.0650;0.0000;5.0390;1.2370;1.8180;0.0000;0.3860;0.0850;0.0000;8
NPL2;strong_dry;1;0.0000;0.4680;0.9920;0.7290;0.2140;0.1100;0.3200;0.2380;0.0900;0.6060;1.6810;1.0430;0.4640;0.0000;0.5230;0.2070;0.0000;8
NPL2;strong_dry;2;0.0000;0.0000;1.4330;0.7020;0.4760;0.0000;0.1650;0.0590;0.0660;0.0000;25.6760;5.6980;8.8350;0.0000;3.7720;0.4710;1.0000;8
NPL2;strong_dry;3;0.0000;0.0000;1.3220;0.4220;0.4150;0.0000;0.1520;0.0310;0.0540;0.0000;7.8050;2.4830;2.7400;0.0000;0.1240;0.0150;0.0000;8
NPL2;strong_dry;4;0.0000;0.0000;0.2890;0.1110;0.1200;0.0000;0.0140;0.0030;0.0050;0.0000;0.6820;0.2680;0.2830;0.0000;0.0000;0.0000;0.0000;8
NPL2;strong_dry;O;1.5000;0.0000;17.4110;9.9740;7.3050;0.0000;1.5920;0.6530;0.6970;0.0000;1.0740;0.2690;0.5370;0.0000;0.8820;0.4200;0.0000;8
NPL2;strong_rain;1;0.0000;0.3610;1.6640;0.8620;0.6230;0.0000;0.0000;0.0000;0.0000;2.0800;14.6560;6.3180;5.8910;0.0000;0.5320;0.1330;0.0000;4
NPL2;strong_rain;2;0.0000;0.0360;0.5980;0.3680;0.2450;0.0000;0.1020;0.0250;0.0510;0.0000;20.3290;8.3940;10.1140;0.0000;0.3800;0.0950;0.0000;4
NPL2;strong_rain;3;0.0000;0.1790;0.9640;0.4370;0.3560;0.0000;0.0000;0.0000;0.0000;0.0000;5.4360;1.6100;2.5940;0.0000;0.0000;0.0000;0.0000;4
NPL2;strong_rain;4;0.0000;0.0000;0.1650;0.0880;0.0700;0.0000;0.0140;0.0030;0.0070;0.0000;0.5540;0.2590;0.3010;0.0000;0.0000;0.0000;0.0000;4
NPL2;strong_rain;O;0.0000;4.6210;16.3870;12.5040;5.4300;0.0000;0.0000;0.0000;0.0000;0.0000;2.9890;1.0950;1.4230;0.0000;0.0000;0.0000;0.0000;4
NPL2;weak_dry;1;0.0000;0.2480;0.4930;0.4020;0.1080;0.0000;0.1350;0.0340;0.0670;0.0000;4.5100;1.9620;1.9430;0.0000;0.0000;0.0000;0.0000;4
NPL2;weak_dry;2;0.0000;0.0000;0.6830;0.3860;0.2880;0.0000;0.1180;0.0300;0.0590;0.0000;2.3780;0.5940;1.1890;0.0000;0.0000;0.0000;0.0000;4
NPL2;weak_dry;3;0.0000;0.0360;0.9810;0.5320;0.3990;0.0000;0.0000;0.0000;0.0000;0.0000;5.6610;1.5610;2.7480;0.0000;0.0000;0.0000;0.0000;4
NPL2;weak_dry;4;0.0000;0.0400;0.1720;0.1020;0.0580;0.0000;0.0000;0.0000;0.0000;0.0000;0.4310;0.1080;0.2160;0.0000;0.0000;0.0000;0.0000;4
NPL2;weak_dry;O;0.7500;4.4570;12.7710;9.1880;4.1840;0.0000;0.0690;0.0240;0.0330;1.1950;5.1400;2.8790;1.7810;0.0000;0.0000;0.0000;0.0000;4
NPL2;weak_rain;1;0.0000;0.0470;0.9920;0.3840;0.3170;0.0000;0.2480;0.0310;0.0880;0.0000;9.0910;2.3200;3.0480;0.0000;1.3500;0.2430;0.0000;8
NPL2;weak_rain;2;0.0000;0.0000;1.0740;0.4060;0.3530;0.0000;0.0000;0.0000;0.0000;0.0000;5.4820;1.4380;2.4580;0.0000;10.5510;1.3190;4.0000;8
NPL2;weak_rain;3;0.0000;0.0830;0.7470;0.2610;0.2150;0.0000;0.0000;0.0000;0.0000;0.0000;19.6260;3.8850;6.6810;0.0000;0.1870;0.0230;0.0000;8
NPL2;weak_rain;4;0.0000;0.0000;0.2730;0.0620;0.0930;0.0000;0.0000;0.0000;0.0000;0.0000;43.0320;5.9960;14.9930;0.0000;0.1930;0.0240;0.0000;8
NPL2;weak_rain;O;1.8750;3.9670;10.9370;7.4880;2.5740;0.0000;0.1100;0.0140;0.0390;0.0000;25.5110;5.8890;9.0790;0.0000;5.3450;0.7310;2.0000;8
NPL3;strong_dry;1;0.0000;0.0000;0.9640;0.3510;0.4220;0.0000;0.2480;0.1030;0.1240;0.0000;3.0030;1.4810;1.2260;0.0000;2.8930;1.1020;1.0000;8
NPL3;strong_dry;2;0.0000;0.0000;1.4880;0.4550;0.5710;0.0000;0.6890;0.1420;0.2580;0.0000;8.3450;2.8270;3.2380;0.0000;0.9090;0.1560;0.0000;8
NPL3;strong_dry;3;0.0000;0.0520;0.3860;0.2090;0.1220;0.0000;0.1430;0.0300;0.0510;0.0000;20.4250;3.0280;7.0670;0.0000;0.3550;0.0620;0.0000;8
NPL3;strong_dry;4;0.0000;0.0000;0.1650;0.0710;0.0650;0.0000;0.1100;0.0190;0.0380;0.0000;1.9340;0.2840;0.6710;0.0000;0.0550;0.0140;0.0000;8
NPL3;strong_dry;O;2.0000;10.4690;18.0040;15.5960;3.4770;0.0000;2.9520;0.9620;1.3670;0.0000;4.4560;1.1140;2.2280;0.0000;1.2030;0.3640;1.0000;8
NPL3;strong_rain;1;0.0000;0.1240;0.5480;0.3180;0.1740;0.0000;0.0000;0.0000;0.0000;0.0000;8.4520;2.8800;3.7970;0.0000;0.0000;0.0000;0.0000;4
NPL3;strong_rain;2;0.0000;0.1100;0.8710;0.4020;0.3370;0.0000;0.0000;0.0000;0.0000;0.8460;4.0030;2.0680;1.5110;0.0000;0.1820;0.0450;0.0000;4
NPL3;strong_rain;3;0.0000;0.0000;0.4080;0.2290;0.1690;0.0000;0.0000;0.0000;0.0000;0.0000;8.0110;2.0030;4.0060;0.0000;0.0000;0.0000;0.0000;4
NPL3;strong_rain;4;0.0000;0.0440;0.2160;0.1110;0.0750;0.0000;0.0000;0.0000;0.0000;0.0000;0.6740;0.1680;0.3370;0.0000;0.0000;0.0000;0.0000;4
NPL3;strong_rain;O;0.0000;4.6230;10.2480;7.1040;2.8910;0.0000;0.0000;0.0000;0.0000;0.0000;12.1080;3.7600;5.7340;0.0000;0.0000;0.0000;0.0000;4
NPL3;weak_dry;1;0.0000;0.0630;1.3750;0.7120;0.5360;0.0000;0.0000;0.0000;0.0000;0.3800;9.1080;4.8720;4.7710;0.0000;0.0000;0.0000;0.0000;4
NPL3;weak_dry;2;0.0000;0.0630;0.5980;0.3000;0.2470;0.0000;0.0000;0.0000;0.0000;0.0000;22.4110;10.3330;11.9020;0.0000;0.0000;0.0000;0.0000;4
NPL3;weak_dry;3;0.0000;0.0170;0.8150;0.4750;0.4040;0.0000;0.0000;0.0000;0.0000;0.0000;12.9700;5.1730;5.5350;0.0000;0.0000;0.0000;0.0000;4
NPL3;weak_dry;4;0.0000;0.0550;0.2820;0.1470;0.1050;0.0000;0.0000;0.0000;0.0000;0.0000;0.0000;0.0000;0.0000;0.0000;0.0000;0.0000;0.0000;4
NPL3;weak_dry;O;0.0000;5.3200;20.4780;11.1630;6.5610;0.0000;0.2800;0.0700;0.1400;0.0000;1.6250;0.8460;0.7280;0.0000;0.0000;0.0000;0.0000;4
NPL3;weak_rain;1;0.0000;0.2400;1.8100;0.8890;0.5420;0.0000;0.0000;0.0000;0.0000;0.0000;26.3980;5.1100;8.9000;0.0000;0.4710;0.0770;0.0000;8
NPL3;weak_rain;2;0.0000;0.1630;0.7690;0.5140;0.2200;0.0000;0.0000;0.0000;0.0000;0.0000;16.2600;3.2000;5.4250;0.0000;0.0000;0.0000;0.0000;8
NPL3;weak_rain;3;0.0000;0.0000;0.9810;0.2880;0.2970;0.0000;0.0000;0.0000;0.0000;0.0000;25.0780;3.7800;8.6630;0.0000;0.0000;0.0000;0.0000;8
NPL3;weak_rain;4;0.0000;0.0000;0.2750;0.0900;0.1060;0.0000;0.0000;0.0000;0.0000;0.0000;2.3090;0.4640;0.7980;0.0000;0.0000;0.0000;0.0000;8
NPL3;weak_rain;O;1.8000;7.7470;43.7870;21.1720;11.8290;0.0000;0.0550;0.0070;0.0190;0.0000;24.8440;6.0270;8.2860;0.0000;0.0000;0.0000;0.0000;8
NPL4;strong_dry;1;0.0000;0.2260;0.5680;0.3160;0.1680;0.0000;0.1930;0.0630;0.0910;0.0000;0.6420;0.1600;0.3210;0.0000;0.0000;0.0000;0.0000;8
NPL4;strong_dry;2;0.0000;0.0000;0.5590;0.1950;0.2090;0.0000;0.3110;0.0410;0.1090;0.0000;25.5250;3.5290;8.8960;0.0000;0.0000;0.0000;0.0000;8
NPL4;strong_dry;3;0.0000;0.0000;0.3360;0.0600;0.1190;0.0000;0.0660;0.0130;0.0260;0.0000;0.6580;0.1560;0.2470;0.0000;0.0000;0.0000;0.0000;8
NPL4;strong_dry;4;0.0000;0.0000;0.3140;0.1400;0.1230;0.0000;0.0910;0.0140;0.0320;0.0000;2.9530;0.7640;1.0490;0.0000;0.0000;0.0000;0.0000;8
NPL4;strong_dry;O;1.3333;5.8520;40.0950;26.2630;14.5270;0.5120;8.1820;3.1670;3.4280;0.0000;2.6450;0.6610;1.3220;0.0000;0.3940;0.0980;0.0000;8
NPL4;strong_rain;1;0.0000;0.1270;3.2100;1.0460;1.4610;0.0000;0.0000;0.0000;0.0000;0.0000;23.9680;10.8050;11.7490;0.0000;0.0000;0.0000;0.0000;4
NPL4;strong_rain;2;0.0000;0.0000;0.2950;0.1130;0.1420;0.0000;0.0000;0.0000;0.0000;0.0000;1.3000;0.3250;0.6500;0.0000;0.0000;0.0000;0.0000;4
NPL4;strong_rain;3;0.0000;0.0000;0.5260;0.2630;0.3720;0.0000;0.1380;0.0690;0.0970;0.0000;10.8620;5.4310;7.6800;0.0000;0.0000;0.0000;0.0000;4
NPL4;strong_rain;4;0.0000;0.0000;0.3770;0.2460;0.2130;0.0000;0.0000;0.0000;0.0000;0.0000;1.7770;0.7210;0.9340;0.0000;0.0000;0.0000;0.0000;4
NPL4;strong_rain;O;0.0000;0.0300;8.2950;4.1640;3.3820;0.0000;0.0000;0.0000;0.0000;0.0000;15.6860;4.5410;7.5210;0.0000;0.0000;0.0000;0.0000;4
NPL4;weak_dry;1;0.0000;0.1130;1.5180;0.8200;0.5780;0.0000;0.3860;0.1560;0.1640;1.7330;9.1350;6.0970;3.1350;0.0000;0.3030;0.1600;0.0000;4
NPL4;weak_dry;2;0.0000;0.1100;0.9230;0.5530;0.3430;0.0000;0.1630;0.0520;0.0770;0.0000;2.4900;1.1730;1.1970;0.0000;1.6140;0.5830;1.0000;4
NPL4;weak_dry;3;0.0000;0.0000;0.0330;0.0110;0.0160;0.0000;0.2840;0.0810;0.1370;0.0000;0.4960;0.2380;0.2760;0.0000;0.3090;0.0770;0.0000;4
NPL4;weak_dry;4;0.0000;0.0000;0.0760;0.0340;0.0400;0.0000;0.0990;0.0300;0.0470;0.0000;0.5300;0.1330;0.2650;0.0000;0.3440;0.1160;0.0000;4
NPL4;weak_dry;O;0.0000;7.5150;21.1670;13.7460;5.8090;0.0000;0.8820;0.2200;0.4410;0.0000;4.4460;2.3570;1.9000;0.0000;1.1480;0.4030;1.0000;4
NPL4;weak_rain;1;0.0000;0.1650;2.0910;0.7080;0.5870;0.0000;0.0000;0.0000;0.0000;0.6010;34.8860;12.9120;12.3310;0.0000;0.0000;0.0000;0.0000;8
NPL4;weak_rain;2;0.0000;0.0000;0.5070;0.1990;0.1860;0.0000;0.0000;0.0000;0.0000;0.0000;10.4470;2.3450;3.6920;0.0000;0.0000;0.0000;0.0000;8
NPL4;weak_rain;3;0.0000;0.0000;1.0250;0.2510;0.3780;0.0000;0.0000;0.0000;0.0000;0.0000;19.2410;4.0490;7.5500;0.0000;0.0000;0.0000;0.0000;8
NPL4;weak_rain;4;0.0000;0.0000;0.2850;0.1440;0.1010;0.0000;0.0110;0.0010;0.0040;0.0000;2.1570;0.6340;0.9320;0.0000;0.0000;0.0000;0.0000;8
NPL4;weak_rain;O;1.5000;2.4700;19.7530;8.0230;5.3480;0.0000;0.0000;0.0000;0.0000;0.4160;10.7720;3.4950;3.7080;0.0000;0.0000;0.0000;0.0000;8
NPL5;strong_dry;1;0.0000;0.0000;12.2150;3.5790;4.2400;0.0000;0.5510;0.1530;0.2190;0.0000;15.9790;3.9360;5.3570;0.0000;6.6120;0.8440;2.0000;8
NPL5;strong_dry;2;0.0000;0.0000;0.7850;0.2110;0.2820;0.0000;0.0800;0.0200;0.0310;0.0000;13.4280;2.1590;4.6430;0.0000;22.9760;2.8820;8.0000;8
NPL5;strong_dry;3;0.0000;0.0000;0.3030;0.1230;0.1130;0.0000;0.3580;0.0480;0.1260;0.0000;16.9150;3.3580;6.4910;0.0000;0.9370;0.1170;0.0000;8
NPL5;strong_dry;4;0.0000;0.0000;0.6960;0.1550;0.2280;0.0000;0.3860;0.0620;0.1360;0.0000;7.1410;1.0860;2.4700;0.0000;0.0000;0.0000;0.0000;8
NPL5;strong_dry;O;1.5000;0.0000;12.6870;6.5070;6.1110;0.1930;8.6490;3.6110;3.6290;0.2880;5.4250;2.6860;2.4280;0.0000;5.7280;1.4320;3.0000;8
NPL5;strong_rain;1;0.0000;0.0440;0.3440;0.2000;0.1260;0.0000;0.2480;0.0620;0.1240;0.0000;0.3550;0.0890;0.1780;0.0000;32.6070;8.1520;16.0000;4
NPL5;strong_rain;2;0.0000;0.0390;0.3970;0.2510;0.1740;0.0000;0.0000;0.0000;0.0000;0.0000;1.0960;0.4350;0.4940;0.0000;0.0000;0.0000;0.0000;4
NPL5;strong_rain;3;0.0000;0.0280;0.1630;0.0760;0.0590;0.0000;0.0000;0.0000;0.0000;0.0000;3.4570;0.8640;1.7290;0.0000;0.0000;0.0000;0.0000;4
NPL5;strong_rain;4;0.0000;0.0510;0.2180;0.1320;0.0820;0.0000;0.0000;0.0000;0.0000;0.0000;0.3290;0.1450;0.1710;0.0000;0.0000;0.0000;0.0000;4
NPL5;strong_rain;O;0.0000;1.1080;4.7270;2.8960;1.4810;0.0000;0.0000;0.0000;0.0000;4.4610;24.2890;10.8210;9.1200;0.0000;4.5890;1.2300;2.0000;4
NPL5;weak_dry;1;0.0000;0.1960;0.6890;0.4480;0.2140;0.0000;0.0000;0.0000;0.0000;0.0000;3.0360;0.8710;1.4590;0.0000;0.0000;0.0000;0.0000;4
NPL5;weak_dry;2;0.0000;0.0330;0.6530;0.3570;0.2850;0.0000;0.0000;0.0000;0.0000;0.0000;1.4440;0.5660;0.7010;0.0000;0.0000;0.0000;0.0000;4
NPL5;weak_dry;3;0.0000;0.0300;0.0940;0.0640;0.0300;0.0000;0.0250;0.0060;0.0120;0.0000;1.8430;0.4610;0.9220;0.0000;0.0000;0.0000;0.0000;4
NPL5;weak_dry;4;0.0000;0.0450;0.3310;0.1520;0.1330;0.0000;0.0000;0.0000;0.0000;0.0000;0.3870;0.1520;0.1880;0.0000;0.0000;0.0000;0.0000;4
NPL5;weak_dry;O;0.0000;7.4520;10.1770;8.6050;1.3590;0.0000;0.0000;0.0000;0.0000;0.0000;24.3310;11.3590;11.0430;0.0000;0.4500;0.1120;0.0000;4
NPL5;weak_rain;1;0.0000;0.0610;0.9950;0.5610;0.3540;0.0000;0.0000;0.0000;0.0000;0.0000;22.1520;3.6110;7.5350;0.0000;10.8790;1.3640;4.0000;8
NPL5;weak_rain;2;0.0000;0.0000;0.9640;0.2730;0.3740;0.0000;0.0000;0.0000;0.0000;0.0000;33.7040;10.3210;12.5190;0.0000;0.0000;0.0000;0.0000;8
NPL5;weak_rain;3;0.0000;0.0000;0.5010;0.1800;0.1810;0.0000;0.0000;0.0000;0.0000;0.0000;9.0310;2.8720;3.8420;0.0000;0.1290;0.0160;0.0000;8
NPL5;weak_rain;4;0.0000;0.0000;0.6380;0.1780;0.2030;0.0000;0.0000;0.0000;0.0000;0.0000;31.8530;6.3760;10.9030;0.0000;0.0760;0.0090;0.0000;8
NPL5;weak_rain;O;1.5000;1.5850;16.6470;7.2130;5.1340;0.0000;0.0000;0.0000;0.0000;0.5190;9.0870;4.9040;3.7910;0.0000;18.0790;2.7470;6.0000;8
NPL6;strong_dry;1;0.0000;0.3310;12.7550;3.7090;4.2660;0.0000;1.2670;0.2690;0.4540;0.8820;4.0830;2.0730;1.0300;0.0000;0.7160;0.0900;0.0000;8
NPL6;strong_dry;2;0.0000;0.0000;2.0050;0.5840;0.6770;0.0000;0.1930;0.0690;0.0890;0.0000;10.1770;2.1850;3.7600;0.0000;0.6340;0.1210;0.0000;8
NPL6;strong_dry;3;0.0000;0.0000;0.5150;0.2020;0.1690;0.0000;0.0000;0.0000;0.0000;0.0000;14.2040;3.5340;5.5230;0.0000;0.0000;0.0000;0.0000;8
NPL6;strong_dry;4;0.0000;0.0000;0.3730;0.1140;0.1410;0.0000;0.0000;0.0000;0.0000;0.0000;1.2910;0.3400;0.4680;0.0000;0.0000;0.0000;0.0000;8
NPL6;strong_dry;O;1.5000;3.3650;8.6780;4.9120;2.5280;0.6300;3.9360;2.3270;1.5630;0.0000;1.5150;0.8430;0.6300;0.0000;2.6630;0.6660;1.0000;8
NPL6;strong_rain;1;0.0000;0.3550;0.8490;0.5540;0.2090;0.0000;0.0000;0.0000;0.0000;0.3610;16.0890;5.0790;7.4630;0.0000;0.2150;0.0540;0.0000;4
NPL6;strong_rain;2;0.0000;0.3830;0.9120;0.6300;0.2550;0.0000;0.0000;0.0000;0.0000;0.1820;5.1930;2.9090;2.3400;0.0000;0.0000;0.0000;0.0000;4
NPL6;strong_rain;3;0.0000;0.2590;0.5760;0.4550;0.1370;0.0000;0.0000;0.0000;0.0000;0.0000;0.3880;0.1290;0.1830;0.0000;0.3090;0.0770;0.0000;4
NPL6;strong_rain;4;0.0000;0.0760;0.2310;0.1360;0.0720;0.0000;0.0000;0.0000;0.0000;0.0000;0.2990;0.1520;0.1270;0.0000;0.0880;0.0220;0.0000;4
NPL6;strong_rain;O;0.0000;2.8190;6.6890;4.3180;1.6590;0.0000;0.0000;0.0000;0.0000;0.0000;6.0830;2.5880;2.5500;0.0000;0.0000;0.0000;0.0000;4
NPL6;weak_dry;1;0.0000;0.3880;0.5510;0.4800;0.0810;0.0000;0.0000;0.0000;0.0000;1.1100;11.6290;5.7010;5.2960;0.0000;0.0000;0.0000;0.0000;4
NPL6;weak_dry;2;0.0000;0.1160;0.5370;0.3180;0.2240;0.0000;0.0390;0.0100;0.0190;1.6200;6.7660;4.3440;2.6870;0.0000;0.0000;0.0000;0.0000;4
NPL6;weak_dry;3;0.0000;0.0000;0.1980;0.1240;0.0880;0.0000;0.0330;0.0130;0.0160;0.0000;5.2210;1.3600;2.5760;0.0000;1.1960;0.2990;1.0000;4
NPL6;weak_dry;4;0.0000;0.0000;0.3330;0.1080;0.1570;0.0000;0.0330;0.0120;0.0160;0.0000;5.3720;2.4100;2.8190;0.0000;0.0000;0.0000;0.0000;4
NPL6;weak_dry;O;0.0000;4.9390;11.4540;7.5550;3.0330;0.0000;0.4290;0.2190;0.1910;0.3970;9.5950;5.0760;3.8300;0.0000;0.0000;0.0000;0.0000;4
NPL6;weak_rain;1;0.0000;0.1930;1.3280;0.6500;0.3380;0.0000;0.2780;0.0770;0.1000;0.0000;8.7030;2.0250;2.9370;0.0000;0.6610;0.0830;0.0000;8
NPL6;weak_rain;2;0.0000;0.0000;0.4990;0.2250;0.1960;0.0000;0.6090;0.0840;0.2130;0.0000;13.6040;2.4950;4.5980;0.0000;0.0910;0.0110;0.0000;8
NPL6;weak_rain;3;0.0000;0.0000;0.5480;0.2450;0.2010;0.0000;0.3940;0.0660;0.1360;0.0000;18.1800;2.4850;6.3540;0.0000;0.0000;0.0000;0.0000;8
NPL6;weak_rain;4;0.0000;0.0180;0.1570;0.0850;0.0500;0.0000;0.0990;0.0150;0.0350;0.0000;0.0760;0.0090;0.0270;0.0000;0.0000;0.0000;0.0000;8
NPL6;weak_rain;O;1.5000;1.3660;13.3340;6.4070;3.9800;0.0000;7.2700;1.3850;2.5920;0.0000;10.0720;3.6910;4.2040;0.0000;0.5030;0.0630;0.0000;8
NPL7;strong_dry;1;0.0000;0.3390;4.3280;2.6760;1.7640;0.0610;1.2890;0.6760;0.5330;0.0000;0.4410;0.1100;0.2200;0.0000;2.4630;0.6960;1.0000;8
NPL7;strong_dry;2;0.0000;0.0000;0.7360;0.3500;0.2200;0.0000;0.2780;0.0750;0.1060;0.0000;7.2790;1.7590;2.5060;0.0000;0.2450;0.0310;0.0000;8
NPL7;strong_dry;3;0.0000;0.0000;0.4660;0.1850;0.1720;0.0000;0.2480;0.0720;0.1080;0.0000;4.0660;1.6540;1.7740;0.0000;0.7960;0.1000;0.0000;8
NPL7;strong_dry;4;0.0000;0.0000;0.2080;0.0930;0.0780;0.0000;0.1010;0.0260;0.0370;0.0000;3.5080;0.7440;1.2380;0.0000;0.2050;0.0260;0.0000;8
NPL7;strong_dry;O;1.0000;0.0120;11.4850;2.9290;5.7040;0.0000;0.2510;0.0660;0.1240;0.0000;0.6820;0.1700;0.3410;0.0000;2.1780;0.5600;1.0000;8
NPL7;strong_rain;1;0.0000;0.2810;1.0520;0.5190;0.3580;0.0000;0.0330;0.0080;0.0170;0.2730;6.7300;2.4700;2.9510;0.0000;0.0000;0.0000;0.0000;4
NPL7;strong_rain;2;0.0000;0.0000;0.7710;0.2730;0.3480;0.0000;0.0000;0.0000;0.0000;0.0000;8.8270;2.9730;3.9700;0.0000;0.7250;0.1810;0.0000;4
NPL7;strong_rain;3;0.0000;0.0280;0.5760;0.2570;0.2460;0.0000;0.0000;0.0000;0.0000;0.0000;1.1410;0.3600;0.5390;0.0000;0.0000;0.0000;0.0000;4
NPL7;strong_rain;4;0.0000;0.0210;0.2150;0.1170;0.0790;0.0000;0.0000;0.0000;0.0000;0.0000;5.0070;1.4850;2.3890;0.0000;0.0000;0.0000;0.0000;4
NPL7;strong_rain;O;0.0000;3.6730;9.0680;6.5420;2.2520;0.0000;0.7160;0.2300;0.3380;0.0000;2.0200;0.5050;1.0100;0.0000;0.2420;0.0610;0.0000;4
NPL7;weak_dry;1;0.0000;0.2400;0.6030;0.4130;0.1490;0.0000;0.0610;0.0170;0.0290;0.1410;10.9870;3.1880;5.2160;0.0000;0.4160;0.1240;0.0000;4
NPL7;weak_dry;2;0.0000;0.0300;0.3550;0.2560;0.1520;0.0000;0.0990;0.0470;0.0540;0.0000;12.5680;3.3130;6.1730;0.0000;0.0000;0.0000;0.0000;4
NPL7;weak_dry;3;0.0000;0.0500;0.3750;0.2080;0.1340;0.0000;0.0000;0.0000;0.0000;0.0000;6.9510;2.0300;3.2920;0.0000;1.2840;0.3210;1.0000;4
NPL7;weak_dry;4;0.0000;0.0000;0.3600;0.1520;0.1500;0.0000;0.0140;0.0030;0.0070;0.0000;0.1750;0.0670;0.0840;0.0000;0.0910;0.0230;0.0000;4
NPL7;weak_dry;O;0.7500;8.0790;13.0330;10.3320;2.2010;0.0000;0.1930;0.0570;0.0920;0.0000;12.4800;3.7730;5.8410;0.0000;0.1240;0.0310;0.0000;4
NPL7;weak_rain;1;0.0000;0.0000;0.9590;0.4770;0.3620;0.0000;0.0000;0.0000;0.0000;0.0000;3.9120;1.2510;1.3300;0.0000;1.3220;0.2360;0.0000;8
NPL7;weak_rain;2;0.0000;0.0440;1.4270;0.3590;0.4470;0.0000;0.0000;0.0000;0.0000;0.0000;3.9010;1.1840;1.3820;0.0000;0.0000;0.0000;0.0000;8
NPL7;weak_rain;3;0.0000;0.0850;0.4790;0.2250;0.1660;0.0000;0.0000;0.0000;0.0000;0.0000;10.5930;2.6550;3.6700;0.0000;0.0000;0.0000;0.0000;8
NPL7;weak_rain;4;0.0000;0.0000;0.3320;0.1080;0.1150;0.0000;0.0000;0.0000;0.0000;0.0000;1.1310;0.2150;0.4230;0.0000;0.0000;0.0000;0.0000;8
NPL7;weak_rain;O;1.5000;3.8530;36.8390;16.1070;12.3190;0.0000;0.0000;0.0000;0.0000;0.0000;33.7320;9.0690;11.0800;0.0000;4.9700;1.0450;2.0000;8
NPL8;strong_dry;1;0.0000;0.3770;3.5480;1.8110;1.5280;0.0390;0.2530;0.1610;0.1020;0.0000;4.8760;1.3770;2.3520;0.0000;0.3330;0.0830;0.0000;8
NPL8;strong_dry;2;0.0000;0.0800;2.3170;1.0010;0.7230;0.0000;2.3140;0.3410;0.8010;0.0000;9.2040;2.2390;3.1770;0.0000;3.4930;0.4370;1.0000;8
NPL8;strong_dry;3;0.0000;0.0000;0.7330;0.3460;0.2750;0.0000;0.0630;0.0180;0.0270;0.0000;4.8930;1.3630;1.7430;0.0000;15.0670;1.8950;5.0000;8
NPL8;strong_dry;4;0.0000;0.0000;0.2670;0.1340;0.0990;0.0000;0.0740;0.0190;0.0290;0.0000;10.2110;3.3150;4.0520;0.0000;0.0000;0.0000;0.0000;8
NPL8;strong_dry;O;1.5000;4.1510;15.4600;9.9670;4.6630;1.7820;10.4690;4.7780;3.9480;0.6930;30.2400;10.3030;13.8640;0.0000;3.2970;1.3200;2.0000;8
NPL8;strong_rain;1;0.0000;0.3360;0.9260;0.6430;0.2760;0.0000;0.0000;0.0000;0.0000;2.0250;9.5240;4.7060;3.3780;0.0000;0.0000;0.0000;0.0000;4
NPL8;strong_rain;2;0.0000;0.3720;0.8650;0.6960;0.2810;0.0000;0.0000;0.0000;0.0000;0.4240;4.4020;1.9340;2.1550;0.0000;0.0000;0.0000;0.0000;3
NPL8;strong_rain;3;0.0000;0.0910;0.2070;0.1470;0.0530;0.0000;0.0610;0.0150;0.0300;0.7710;2.8130;1.8580;1.1040;0.0000;0.0000;0.0000;0.0000;4
NPL8;strong_rain;4;0.0000;0.1350;0.3690;0.2140;0.1070;0.0000;0.0140;0.0030;0.0070;0.1430;6.6640;3.0620;3.2600;0.0000;0.2590;0.0650;0.0000;4
NPL8;strong_rain;O;0.0000;5.3740;11.1890;7.7340;2.4800;0.0000;0.0000;0.0000;0.0000;0.5040;2.3720;1.2850;0.9040;0.0000;0.0000;0.0000;0.0000;4
NPL8;weak_dry;1;0.0000;1.2070;2.2090;1.6140;0.4540;0.0000;0.0000;0.0000;0.0000;0.5290;3.2650;1.5420;1.2830;0.0000;0.0000;0.0000;0.0000;4
NPL8;weak_dry;2;0.0000;0.6010;1.1430;0.8030;0.2460;0.0000;0.0000;0.0000;0.0000;0.0000;3.2840;1.3930;1.4180;0.0000;0.0940;0.0230;0.0000;4
NPL8;weak_dry;3;0.0000;0.2750;0.6450;0.5030;0.1680;0.0000;0.0000;0.0000;0.0000;0.0000;3.7250;2.1380;1.6500;0.0000;0.0000;0.0000;0.0000;4
NPL8;weak_dry;4;0.0000;0.0520;0.2960;0.2000;0.1040;0.0000;0.0000;0.0000;0.0000;0.3210;2.5410;1.2510;0.9520;0.0000;0.0000;0.0000;0.0000;4
NPL8;weak_dry;O;0.0000;14.2710;26.9160;20.5720;6.1870;0.0000;0.0000;0.0000;0.0000;0.5580;8.8800;4.0410;4.0560;0.0000;0.0000;0.0000;0.0000;4
NPL8;weak_rain;1;0.0000;0.3860;1.5840;0.8440;0.4350;0.0000;0.0000;0.0000;0.0000;0.1100;10.1160;2.5050;3.4000;0.0000;0.2950;0.0370;0.0000;8
NPL8;weak_rain;2;0.0000;0.3030;2.9750;1.0050;0.9160;0.0000;0.0000;0.0000;0.0000;0.0000;33.0040;5.1190;11.3420;0.0000;7.8520;0.9810;3.0000;8
NPL8;weak_rain;3;0.0000;0.0830;0.9640;0.3200;0.2900;0.0000;0.0000;0.0000;0.0000;0.0000;11.1300;3.4180;4.0830;0.0000;0.0000;0.0000;0.0000;8
NPL8;weak_rain;4;0.0000;0.0000;0.2220;0.0940;0.0800;0.0000;0.1100;0.0140;0.0390;0.0000;9.3170;1.7900;3.1430;0.0000;1.1300;0.1410;0.0000;8
NPL8;weak_rain;O;1.5000;8.4850;27.1560;15.1250;7.3800;0.0000;0.0000;0.0000;0.0000;0.7380;26.3290;7.9220;8.7330;0.0000;3.8570;0.8740;2.0000;8
NPL9;strong_dry;1;0.0000;0.0360;0.9370;0.4500;0.4120;0.0000;0.4130;0.1720;0.1790;0.0000;1.0190;0.4480;0.4370;0.0000;8.7880;2.1970;4.0000;8
NPL9;strong_dry;2;0.0000;0.0000;2.2920;0.7560;0.9160;0.0000;0.5790;0.1010;0.2080;0.0000;29.6160;6.7900;10.8020;0.0000;3.9120;0.5410;1.0000;8
NPL9;strong_dry;3;0.0000;0.0000;2.3280;0.5180;0.7610;0.0000;0.4680;0.0770;0.1630;0.0000;49.3220;7.0560;17.1420;0.0000;0.1100;0.0140;0.0000;8
NPL9;strong_dry;4;0.0000;0.0180;0.2660;0.1340;0.1010;0.0000;0.0280;0.0030;0.0100;0.0000;4.4080;1.4010;1.8580;0.0000;0.0000;0.0000;0.0000;8
NPL9;strong_dry;O;1.5000;4.0500;12.2320;6.8940;3.6900;0.0660;0.5970;0.3240;0.2190;1.5840;5.2070;3.3250;1.4980;0.0000;2.5250;0.8240;1.0000;8
NPL9;strong_rain;1;0.0000;0.0000;0.5370;0.2380;0.2270;0.0000;0.0000;0.0000;0.0000;0.0110;0.5810;0.4210;0.2740;0.0000;0.0000;0.0000;0.0000;4
NPL9;strong_rain;2;0.0000;0.0000;0.2070;0.0990;0.0940;0.0000;0.0550;0.0140;0.0280;0.0000;2.5760;1.1230;1.2280;0.0000;0.0000;0.0000;0.0000;4
NPL9;strong_rain;3;0.0000;0.1380;0.3090;0.2000;0.0800;0.0000;0.0000;0.0000;0.0000;0.0000;2.5350;0.6830;1.2380;0.0000;0.0000;0.0000;0.0000;4
NPL9;strong_rain;4;0.0000;0.0210;0.2420;0.1450;0.0980;0.0000;0.0000;0.0000;0.0000;0.0000;5.7120;1.8660;2.6940;0.0000;0.0000;0.0000;0.0000;4
NPL9;strong_rain;O;0.0000;8.7700;16.1360;11.7040;3.2770;0.0000;1.8460;0.4610;0.9230;0.0000;8.1700;3.5470;3.7170;0.0000;0.0000;0.0000;0.0000;4
NPL9;weak_dry;1;0.0000;0.3970;1.0940;0.7200;0.3630;0.0000;0.0470;0.0210;0.0250;0.0000;16.6070;5.6460;7.7640;0.0000;0.5180;0.1290;0.0000;4
NPL9;weak_dry;2;0.0000;0.5590;1.0390;0.7900;0.1970;0.0000;0.7910;0.2730;0.3730;0.0000;3.1490;0.8970;1.5150;0.0000;1.7550;0.4390;1.0000;4
NPL9;weak_dry;3;0.0000;0.2040;1.6560;0.7340;0.6840;0.0000;0.0410;0.0100;0.0210;2.9730;7.2230;5.2300;1.8550;0.0000;0.6720;0.1680;0.0000;4
NPL9;weak_dry;4;0.0000;0.0210;0.3240;0.1660;0.1520;0.0000;0.0870;0.0320;0.0480;0.0000;4.2940;2.3170;2.1670;0.0000;0.0000;0.0000;0.0000;4
NPL9;weak_dry;O;0.0000;4.9180;21.4280;13.4670;9.2010;0.0000;3.9840;1.1420;1.9150;0.0000;3.7800;1.5830;1.7620;0.0000;0.0000;0.0000;0.0000;4
NPL9;weak_rain;1;0.0000;0.2450;1.3390;0.5660;0.3730;0.0000;0.0000;0.0000;0.0000;0.1960;1.9310;0.7950;0.6490;0.0000;0.1870;0.0410;0.0000;8
NPL9;weak_rain;2;0.0000;0.1520;1.8980;0.7270;0.6370;0.0000;0.0000;0.0000;0.0000;0.0000;11.1660;3.3270;3.8730;0.0000;0.0000;0.0000;0.0000;8
NPL9;weak_rain;3;0.0000;0.0170;1.2070;0.5390;0.4460;0.0000;0.0000;0.0000;0.0000;0.0000;11.6120;2.3900;3.9830;0.0000;0.0000;0.0000;0.0000;8
NPL9;weak_rain;4;0.0000;0.0000;0.4880;0.1270;0.1650;0.0000;0.0000;0.0000;0.0000;0.0000;2.1790;0.6830;0.8420;0.0000;0.0000;0.0000;0.0000;8
NPL9;weak_rain;O;1.5000;4.7940;54.6700;18.6460;16.1860;0.0000;0.0000;0.0000;0.0000;0.0000;30.0680;6.9300;9.9520;0.0000;0.0000;0.0000;0.0000;8
UPL1;strong_dry;1;0.0000;0.1790;3.8570;1.8270;1.0850;0.0000;2.5900;0.4170;0.8820;0.0000;5.3170;1.9920;2.0600;0.0000;0.3580;0.0450;0.0000;8
UPL1;strong_dry;2;0.0000;0.1160;1.0190;0.5530;0.3130;0.0000;0.1710;0.0350;0.0670;0.2560;9.8350;2.0100;3.2220;0.0000;0.5790;0.0720;0.0000;8
UPL1;strong_dry;3;0.0000;0.0140;2.4660;0.6420;0.8330;0.0000;0.3860;0.1090;0.1520;0.0000;3.7850;0.6100;1.4050;0.0000;0.5510;0.1330;0.0000;7
UPL1;strong_dry;4;0.0000;0.0320;0.3030;0.1650;0.1000;0.0000;0.0370;0.0080;0.0150;0.0000;7.0800;1.3320;2.5770;0.0000;0.0000;0.0000;0.0000;7
UPL1;strong_dry;O;0.0000;0.0000;9.4310;2.6370;3.7320;0.0000;6.0240;1.1320;2.2020;0.0000;9.9090;1.4160;3.7450;0.0000;0.0000;0.0000;0.0000;7
UPL1;strong_rain;1;4.9000;1.4350;7.2100;3.2780;2.6490;0.0000;0.0000;0.0000;0.0000;0.2980;3.6450;1.2330;1.6110;0.0000;0.0000;0.0000;0.0000;4
UPL1;strong_rain;2;4.7000;0.4080;1.6170;1.0010;0.5120;0.0000;0.0000;0.0000;0.0000;0.6750;34.8280;13.1510;15.8600;0.0000;0.0000;0.0000;0.0000;4
UPL1;strong_rain;3;5.8000;0.3110;0.6280;0.4300;0.1510;0.0000;0.0000;0.0000;0.0000;0.0000;20.7140;9.9290;11.1840;0.0000;0.0000;0.0000;0.0000;4
UPL1;strong_rain;4;11.5000;0.0000;0.2260;0.1040;0.0930;0.0000;0.0000;0.0000;0.0000;0.0000;0.8660;0.4940;0.4020;0.0000;0.0260;0.0070;0.0000;4
UPL1;strong_rain;O;7.3000;0.0000;0.0000;0.0000;0.0000;0.0000;0.0000;0.0000;0.0000;0.0000;0.0000;0.0000;0.0000;0.0000;0.0000;0.0000;0.0000;3
UPL1;weak_dry;1;9.0000;0.0000;2.5150;1.0480;1.0970;0.0000;0.0000;0.0000;0.0000;0.0000;0.5730;0.1430;0.2870;0.0000;0.0000;0.0000;0.0000;4
UPL1;weak_dry;2;11.1000;0.2070;0.8540;0.5590;0.2820;0.0000;0.0000;0.0000;0.0000;0.0000;4.6500;1.9930;1.9460;0.0000;0.0000;0.0000;0.0000;4
UPL1;weak_dry;3;6.2000;0.3170;2.1460;0.9980;0.8030;0.0000;0.1600;0.0410;0.0790;0.0000;11.1710;3.4950;5.1970;0.0000;0.0000;0.0000;0.0000;4
UPL1;weak_dry;4;5.3000;0.0250;0.1980;0.0900;0.0770;0.0000;0.0030;0.0010;0.0010;0.0000;0.0000;0.0000;0.0000;0.0000;0.0000;0.0000;0.0000;4
UPL1;weak_dry;O;6.5000;0.0000;0.0000;0.0000;0.0000;0.0000;0.0000;0.0000;0.0000;0.0000;0.0000;0.0000;0.0000;0.0000;0.0000;0.0000;0.0000;3
UPL1;weak_rain;1;7.8000;0.0280;2.3690;1.3560;0.7130;0.0000;0.0660;0.0080;0.0230;0.0000;1.4880;0.4090;0.6250;0.0000;0.0550;0.0070;0.0000;8
UPL1;weak_rain;2;0.0000;0.2480;1.3250;0.5570;0.3820;0.0000;0.0000;0.0000;0.0000;0.0000;3.7190;0.5870;1.2860;0.0000;0.1020;0.0130;0.0000;8
UPL1;weak_rain;3;0.0000;0.0060;0.5510;0.3110;0.1890;0.0000;0.0000;0.0000;0.0000;0.0000;1.3500;0.2750;0.4960;0.0000;0.1350;0.0190;0.0000;7
UPL1;weak_rain;4;0.0000;0.0000;0.6630;0.2150;0.2300;0.0000;0.0000;0.0000;0.0000;0.0000;4.8930;1.0500;1.7050;0.0000;0.0280;0.0030;0.0000;8
UPL1;weak_rain;O;5.9375;0.0000;25.0880;4.8210;10.0190;0.0000;0.2200;0.0370;0.0900;0.0000;4.9680;0.8280;2.0280;0.0000;0.8170;0.1360;0.0000;6
UPL10;strong_dry;1;0.0000;0.3860;2.5900;1.4280;0.6960;0.0000;0.4300;0.1130;0.1620;0.0000;7.2790;2.7940;2.8240;0.0000;0.4960;0.0620;0.0000;8
UPL10;strong_dry;2;0.0000;0.0000;0.9040;0.4550;0.2760;0.0000;0.0770;0.0220;0.0340;0.0000;3.2230;1.3130;1.2890;0.0000;0.0000;0.0000;0.0000;9
UPL10;strong_dry;3;0.0000;0.0220;0.8820;0.3380;0.3440;0.0000;0.1210;0.0260;0.0490;0.0000;2.7550;0.5410;1.0500;0.0000;0.0000;0.0000;0.0000;8
UPL10;strong_dry;4;0.0000;0.0060;0.3100;0.1100;0.0980;0.0000;0.0520;0.0080;0.0180;0.0000;4.4080;0.5510;1.5580;0.0000;1.8460;0.2310;1.0000;8
UPL10;strong_dry;O;0.0000;0.0000;15.1430;3.2140;5.1360;0.0000;2.0570;0.5230;0.7180;0.0000;0.0000;0.0000;0.0000;0.0000;0.0000;0.0000;0.0000;9
UPL10;strong_rain;1;0.0000;1.5620;2.0740;1.7320;0.2340;0.0000;0.0190;0.0050;0.0100;0.2640;1.4220;0.6960;0.5430;0.0000;3.2290;0.8460;2.0000;4
UPL10;strong_rain;2;0.0000;0.1160;0.9280;0.5110;0.3360;0.0000;0.0000;0.0000;0.0000;0.0000;3.7770;1.4140;1.8070;0.0000;0.0000;0.0000;0.0000;4
UPL10;strong_rain;3;0.0000;0.0500;0.2670;0.1160;0.1020;0.0000;0.0000;0.0000;0.0000;0.0000;0.0000;0.0000;0.0000;0.0000;0.0000;0.0000;0.0000;4
UPL10;strong_rain;4;0.0000;0.0330;0.1540;0.0920;0.0610;0.0000;0.0230;0.0060;0.0120;0.0000;1.4340;0.5470;0.6640;0.0000;0.0000;0.0000;0.0000;4
UPL10;strong_rain;O;3.5000;0.0000;0.0000;0.0000;0.0000;0.0000;0.0000;0.0000;0.0000;0.0000;0.0000;0.0000;0.0000;0.0000;0.0000;0.0000;0.0000;4
UPL10;weak_dry;1;0.0000;0.3800;2.6470;1.4040;1.1810;0.0000;0.7470;0.2770;0.3260;0.0000;11.6700;3.1130;5.7160;0.0000;0.0000;0.0000;0.0000;4
UPL10;weak_dry;2;0.0000;0.0000;0.4740;0.2510;0.2510;0.0000;0.3830;0.1110;0.1840;0.0000;27.8880;8.5200;12.9960;0.0000;0.0000;0.0000;0.0000;4
UPL10;weak_dry;3;0.0000;0.0000;2.6200;0.7780;1.2350;0.0000;0.3170;0.0870;0.1540;0.0000;12.2590;4.2530;5.5190;0.0000;0.0000;0.0000;0.0000;4
UPL10;weak_dry;4;0.0000;0.0000;0.3440;0.1680;0.1470;0.0000;0.0210;0.0050;0.0100;0.0000;0.0000;0.0000;0.0000;0.0000;0.0000;0.0000;0.0000;4
UPL10;weak_dry;O;7.3750;0.0000;0.0000;0.0000;0.0000;0.0000;0.0000;0.0000;0.0000;0.0000;5.0970;1.2740;2.5480;0.0000;0.0000;0.0000;0.0000;4
UPL10;weak_rain;1;0.0000;0.5120;5.3450;2.0460;1.4750;0.0000;0.4410;0.0910;0.1650;0.0000;12.1990;3.8060;4.4420;0.0000;0.0000;0.0000;0.0000;8
UPL10;weak_rain;2;0.0000;0.1930;1.1710;0.4950;0.3170;0.0000;0.0830;0.0170;0.0330;0.0000;39.2880;5.1870;13.7830;0.0000;0.0000;0.0000;0.0000;8
UPL10;weak_rain;3;0.0000;0.0220;1.9010;0.4590;0.6260;0.0000;0.1380;0.0240;0.0500;0.0000;14.0690;2.3230;4.8690;0.0000;0.0000;0.0000;0.0000;8
UPL10;weak_rain;4;0.0000;0.0000;0.2820;0.1120;0.1040;0.0000;0.0030;0.0000;0.0010;0.0000;2.9630;0.6050;1.1320;0.0000;0.0000;0.0000;0.0000;8
UPL10;weak_rain;O;3.8750;0.0000;11.8650;3.1630;4.4380;0.0000;0.3310;0.0370;0.1100;0.0000;5.3630;1.6390;2.2180;0.0000;0.4220;0.0470;0.0000;9
UPL11;strong_dry;1;0.0000;0.0000;2.6720;1.1000;0.9160;0.0000;0.5010;0.1290;0.1910;0.0000;20.6350;6.2790;8.0880;0.0000;9.8240;1.4310;4.0000;7
UPL11;strong_dry;2;0.0000;0.0000;0.9920;0.3300;0.3820;0.0000;0.3310;0.0940;0.1170;0.0000;37.8250;5.0960;13.2450;0.0000;1.6530;0.2070;1.0000;8
UPL11;strong_dry;3;0.0000;0.0000;0.6340;0.1890;0.2040;0.0000;0.3580;0.0660;0.1230;0.0000;0.8540;0.1830;0.3440;0.0000;0.0000;0.0000;0.0000;8
UPL11;strong_dry;4;0.0000;0.0000;0.4740;0.1150;0.1570;0.0000;0.0910;0.0200;0.0310;0.0000;9.7410;1.2290;3.4400;0.0000;0.1720;0.0220;0.0000;8
UPL11;strong_dry;O;0.0000;0.0000;23.7940;5.0000;8.6640;0.0000;1.2670;0.3100;0.5390;0.0000;4.4630;0.8040;1.6710;0.0000;0.0000;0.0000;0.0000;7
UPL11;strong_rain;1;0.0000;0.0000;1.8400;0.8870;0.7990;0.0000;0.1320;0.0480;0.0630;0.0000;12.9540;3.7350;6.2170;0.0000;0.9230;0.2310;0.0000;4
UPL11;strong_rain;2;0.0000;0.0880;0.3110;0.2110;0.0940;0.0000;0.1740;0.0490;0.0840;0.0000;9.3940;3.5410;4.5040;0.0000;0.0000;0.0000;0.0000;4
UPL11;strong_rain;3;0.0000;0.0360;0.1790;0.0940;0.0620;0.0000;0.0940;0.0230;0.0470;0.0000;19.4750;6.4020;8.9530;0.0000;0.0000;0.0000;0.0000;4
UPL11;strong_rain;4;0.0000;0.0630;0.1800;0.1310;0.0530;0.0000;0.0190;0.0050;0.0100;0.0300;0.1160;0.0840;0.0400;0.0000;0.0000;0.0000;0.0000;4
UPL11;strong_rain;O;7.0000;0.0000;0.0000;0.0000;0.0000;0.0000;0.0000;0.0000;0.0000;0.0000;0.0000;0.0000;0.0000;0.0000;0.0000;0.0000;0.0000;4
UPL11;weak_dry;1;0.0000;0.1320;1.4790;0.7860;0.6020;0.0000;0.4790;0.1870;0.2330;3.0860;37.3710;14.1860;15.6400;0.0000;0.0000;0.0000;0.0000;4
UPL11;weak_dry;2;0.0000;0.0220;0.6140;0.3300;0.3090;0.0000;0.5230;0.1310;0.2620;0.0000;12.6560;5.0290;5.4260;0.0000;0.0000;0.0000;0.0000;4
UPL11;weak_dry;3;0.0000;0.0000;0.3990;0.1210;0.1870;0.0000;0.0940;0.0230;0.0470;0.0000;0.0000;0.0000;0.0000;0.0000;0.0000;0.0000;0.0000;4
UPL11;weak_dry;4;0.0000;0.0000;0.1820;0.0800;0.0880;0.0000;0.0000;0.0000;0.0000;0.0000;1.5830;0.7020;0.7440;0.0000;0.0000;0.0000;0.0000;4
UPL11;weak_dry;O;3.2500;0.0000;0.0000;0.0000;0.0000;0.0000;0.0000;0.0000;0.0000;0.0000;0.0000;0.0000;0.0000;0.0000;0.0000;0.0000;0.0000;4
UPL11;weak_rain;1;0.0000;0.0000;6.9010;2.0670;2.3200;0.0000;0.9530;0.1060;0.3180;0.0000;8.0440;2.4570;2.6000;0.0000;0.0000;0.0000;0.0000;9
UPL11;weak_rain;2;0.0000;0.0000;2.8790;0.6160;0.8830;0.0000;0.1100;0.0210;0.0430;0.0000;19.1830;5.7480;7.5390;0.0000;0.0000;0.0000;0.0000;9
UPL11;weak_rain;3;0.0000;0.0000;0.5450;0.1600;0.1870;0.0000;0.0770;0.0090;0.0260;0.0000;3.7190;0.4630;1.2250;0.0000;1.1270;0.1250;0.0000;9
UPL11;weak_rain;4;0.0000;0.0000;0.2010;0.0800;0.0730;0.0000;0.0000;0.0000;0.0000;0.0000;9.0500;1.1310;3.2000;0.0000;0.0670;0.0080;0.0000;8
UPL11;weak_rain;O;3.8750;0.0000;2.6540;1.2630;1.2240;0.0000;0.5970;0.0850;0.2260;0.0000;29.8450;4.4960;11.1940;0.0000;0.0000;0.0000;0.0000;7
UPL12;strong_dry;1;0.0000;1.4000;5.0720;2.3510;1.1810;0.0000;0.0410;0.0130;0.0190;0.0000;16.3510;3.9960;6.1910;0.0000;1.1020;0.1780;0.0000;8
UPL12;strong_dry;2;0.0000;0.0060;1.0740;0.3500;0.3890;0.0000;0.1050;0.0340;0.0480;0.0000;0.7910;0.2660;0.3370;0.0000;10.9100;1.5590;4.0000;7
UPL12;strong_dry;3;0.0000;0.0000;0.6580;0.2760;0.2610;0.0000;0.1430;0.0270;0.0540;0.0000;6.9980;1.9990;2.6200;0.0000;3.4160;0.4880;1.0000;7
UPL12;strong_dry;4;0.0000;0.0320;0.8840;0.2300;0.2960;0.0000;0.0810;0.0150;0.0300;0.0000;0.0370;0.0050;0.0140;0.0000;0.0000;0.0000;0.0000;7
UPL12;strong_dry;O;0.0000;0.0000;5.8960;1.4120;2.0680;0.0000;0.3210;0.0610;0.1200;0.0000;0.0000;0.0000;0.0000;0.0000;0.0000;0.0000;0.0000;8
UPL12;strong_rain;1;0.0000;0.6450;1.7440;1.3190;0.5240;0.0000;0.0500;0.0120;0.0250;0.6500;15.9070;5.6760;7.0320;0.0000;0.5400;0.2260;0.0000;4
UPL12;strong_rain;2;0.0000;0.1100;0.4790;0.2840;0.1550;0.0000;0.0000;0.0000;0.0000;0.0000;11.0720;3.4380;5.2440;0.0000;0.9560;0.2390;0.0000;4
UPL12;strong_rain;3;0.0000;0.0630;0.1570;0.1190;0.0400;0.0000;0.0000;0.0000;0.0000;0.0000;1.1570;0.2890;0.5790;0.0000;2.2950;0.5740;1.0000;4
UPL12;strong_rain;4;0.0000;0.0340;0.2690;0.1530;0.1050;0.0000;0.0120;0.0030;0.0060;0.0000;5.9630;1.5300;2.9570;0.0000;0.0000;0.0000;0.0000;4
UPL12;strong_rain;O;6.2500;0.0000;0.0000;0.0000;0.0000;0.0000;0.0000;0.0000;0.0000;0.0000;0.0000;0.0000;0.0000;0.0000;0.0000;0.0000;0.0000;4
UPL12;weak_dry;1;0.0000;1.2040;5.9150;2.7570;2.1390;0.0800;0.9950;0.4550;0.3870;0.0000;11.3040;2.8260;5.6520;0.0000;1.7110;0.5610;1.0000;4
UPL12;weak_dry;2;0.0000;0.0000;0.5870;0.1870;0.2700;0.0000;1.0220;0.3650;0.4640;0.0000;12.1850;3.0460;6.0930;0.0000;1.3060;0.3260;1.0000;4
UPL12;weak_dry;3;0.0000;0.0770;0.5540;0.3360;0.2470;0.0000;0.0220;0.0100;0.0110;0.0000;9.1710;2.2930;4.5860;0.0000;0.0000;0.0000;0.0000;4
UPL12;weak_dry;4;0.0000;0.0000;0.0980;0.0340;0.0460;0.0000;0.0250;0.0060;0.0120;0.0000;0.0000;0.0000;0.0000;0.0000;0.0000;0.0000;0.0000;4
UPL12;weak_dry;O;3.5000;0.0000;0.0000;0.0000;0.0000;0.0000;0.0000;0.0000;0.0000;0.0000;0.0000;0.0000;0.0000;0.0000;0.0000;0.0000;0.0000;4
UPL12;weak_rain;1;0.0000;0.5210;5.9560;1.5440;1.8090;0.0000;0.2700;0.0600;0.0980;0.0000;11.7990;2.8820;3.7700;0.0000;0.0000;0.0000;0.0000;8
UPL12;weak_rain;2;0.0000;0.2640;2.0880;0.7570;0.6040;0.0000;0.2200;0.0370;0.0790;0.0000;26.1470;5.1560;8.7830;0.0000;47.1430;6.1960;17.0000;8
UPL12;weak_rain;3;0.0000;0.0610;0.4520;0.2080;0.1490;0.0000;0.0830;0.0100;0.0290;0.0000;5.7170;0.8290;1.9900;0.0000;0.0000;0.0000;0.0000;8
UPL12;weak_rain;4;0.0000;0.0110;0.8130;0.2140;0.2860;0.0000;0.0960;0.0220;0.0410;0.0000;0.8240;0.1220;0.2890;0.0000;0.0760;0.0090;0.0000;8
UPL12;weak_rain;O;7.7500;0.0000;6.3090;2.3520;2.7720;0.0000;0.4590;0.0570;0.1620;0.0000;0.8450;0.1060;0.2990;0.0000;0.0000;0.0000;0.0000;8
UPL2;strong_dry;1;0.0000;0.0000;3.9370;2.1820;1.4190;0.0000;0.9200;0.1940;0.3110;0.0000;7.3010;2.6260;2.4350;0.0000;0.1930;0.0240;0.0000;8
UPL2;strong_dry;2;0.0000;0.3770;2.7270;1.0740;0.8320;0.0000;0.7160;0.1990;0.2500;0.2180;7.3560;3.9470;2.6550;0.0000;0.0000;0.0000;0.0000;7
UPL2;strong_dry;3;0.0000;0.0280;0.9640;0.2640;0.3080;0.0000;0.0880;0.0270;0.0350;0.0000;1.7030;0.2130;0.6020;0.0000;0.0000;0.0000;0.0000;8
UPL2;strong_dry;4;0.0000;0.0000;0.3290;0.1130;0.1150;0.0000;0.1460;0.0280;0.0540;0.0000;1.6450;0.4840;0.6910;0.0000;0.0000;0.0000;0.0000;7
UPL2;strong_dry;O;0.0000;0.0000;21.5250;5.8350;7.7640;0.0000;1.9740;0.4750;0.7270;0.0000;0.0000;0.0000;0.0000;0.0000;0.0000;0.0000;0.0000;8
UPL2;strong_rain;1;0.0000;1.7330;3.1580;2.2630;0.6200;0.0000;0.0000;0.0000;0.0000;0.7910;10.3010;5.0950;4.3650;0.0000;0.0000;0.0000;0.0000;4
UPL2;strong_rain;2;0.0000;0.0330;0.9120;0.4470;0.3610;0.0000;1.3220;0.3310;0.6610;0.0000;19.9490;5.1720;9.8520;0.0000;0.0000;0.0000;0.0000;4
UPL2;strong_rain;3;0.0000;0.0000;0.6830;0.3350;0.3030;0.0000;0.1020;0.0250;0.0510;0.0000;1.3030;0.3260;0.6520;0.0000;0.0000;0.0000;0.0000;4
UPL2;strong_rain;4;0.0000;0.0030;0.2580;0.0880;0.1160;0.0000;0.0000;0.0000;0.0000;0.0000;10.4480;2.6120;5.2240;0.0000;0.0000;0.0000;0.0000;4
UPL2;strong_rain;O;6.2500;0.0000;0.0000;0.0000;0.0000;0.0000;0.0000;0.0000;0.0000;0.0000;0.0000;0.0000;0.0000;0.0000;0.0000;0.0000;0.0000;4
UPL2;weak_dry;1;0.0000;0.0000;1.7410;1.0460;0.7570;0.0000;0.0910;0.0410;0.0480;0.0000;10.2460;2.9480;4.8820;0.0000;0.0000;0.0000;0.0000;4
UPL2;weak_dry;2;0.0000;0.5920;1.5810;0.9540;0.4560;0.0000;0.9040;0.2260;0.4520;0.0000;6.2650;1.5660;3.1320;0.0000;0.0000;0.0000;0.0000;4
UPL2;weak_dry;3;0.0000;0.0280;1.0610;0.6320;0.4390;0.0000;0.0000;0.0000;0.0000;0.0000;0.0000;0.0000;0.0000;0.0000;0.0000;0.0000;0.0000;4
UPL2;weak_dry;4;0.0000;0.0320;0.0800;0.0510;0.0250;0.0000;0.0000;0.0000;0.0000;0.0000;0.0000;0.0000;0.0000;0.0000;0.0000;0.0000;0.0000;3
UPL2;weak_dry;O;14.5000;0.0000;0.0000;0.0000;0.0000;0.0000;0.1470;0.0370;0.0730;0.0000;0.0000;0.0000;0.0000;0.0000;0.0000;0.0000;0.0000;4
UPL2;weak_rain;1;0.0000;0.0000;3.0080;1.7290;0.8740;0.0000;0.6610;0.1320;0.2320;0.0000;10.1110;2.2930;3.4160;0.0000;0.1850;0.0230;0.0000;8
UPL2;weak_rain;2;0.0000;0.1380;1.6280;0.8570;0.6380;0.0000;0.0000;0.0000;0.0000;0.0000;5.9700;1.9100;2.5060;0.0000;0.0000;0.0000;0.0000;7
UPL2;weak_rain;3;0.0000;0.0000;0.7250;0.2160;0.2490;0.0000;0.1790;0.0490;0.0840;0.0000;16.2540;2.7350;6.0040;0.0000;1.5150;0.2160;1.0000;7
UPL2;weak_rain;4;0.0000;0.0000;0.3060;0.0580;0.1150;0.0000;0.0000;0.0000;0.0000;0.0000;7.1090;1.0440;2.6750;0.0000;0.0000;0.0000;0.0000;7
UPL2;weak_rain;O;13.6250;0.0000;5.6200;1.8260;2.4260;0.0000;3.2140;0.4180;1.1310;0.0000;0.0000;0.0000;0.0000;0.0000;0.0000;0.0000;0.0000;8
UPL3;strong_dry;1;0.0000;0.0280;2.9970;1.5380;0.9680;0.0000;0.4960;0.1340;0.1610;0.3940;3.8400;1.0270;1.1870;0.0000;10.9100;1.4280;4.0000;8
UPL3;strong_dry;2;0.0000;0.3580;3.2590;1.1920;0.8980;0.0000;0.3280;0.1200;0.1290;0.0000;88.0450;12.7600;30.5870;0.0000;3.5540;0.4440;1.0000;8
UPL3;strong_dry;3;0.0000;0.0220;1.8600;0.4570;0.6740;0.0000;0.1460;0.0400;0.0610;0.0000;11.3480;1.7490;4.2440;0.0000;0.0550;0.0080;0.0000;7
UPL3;strong_dry;4;0.0000;0.0000;0.2480;0.0730;0.0950;0.0000;0.1600;0.0440;0.0630;0.0000;0.1850;0.0260;0.0700;0.0000;0.0000;0.0000;0.0000;7
UPL3;strong_dry;O;0.0000;0.0000;12.3510;4.5350;4.9670;0.0000;1.6900;0.6140;0.6930;0.0000;31.0670;5.1780;12.6830;0.0000;0.0000;0.0000;0.0000;6
UPL3;strong_rain;1;0.0000;0.8430;2.0440;1.7380;0.5970;0.0000;0.0000;0.0000;0.0000;0.0000;6.4690;2.2730;2.8690;0.0000;0.0000;0.0000;0.0000;4
UPL3;strong_rain;2;0.0000;0.0390;0.6420;0.2790;0.2570;0.0000;0.0000;0.0000;0.0000;0.0000;7.7080;2.2470;3.6900;0.0000;0.0000;0.0000;0.0000;4
UPL3;strong_rain;3;0.0000;0.0000;0.5810;0.2660;0.2420;0.0000;0.0000;0.0000;0.0000;0.0000;70.8410;17.7100;35.4200;0.0000;0.0000;0.0000;0.0000;4
UPL3;strong_rain;4;0.0000;0.0000;0.2770;0.1400;0.1440;0.0000;0.0000;0.0000;0.0000;0.0000;10.5310;2.6800;5.2340;0.0000;0.0000;0.0000;0.0000;4
UPL3;strong_rain;O;7.5000;0.0000;0.0000;0.0000;0.0000;0.0000;0.0000;0.0000;0.0000;0.0000;0.0000;0.0000;0.0000;0.0000;0.0000;0.0000;0.0000;2
UPL3;weak_dry;1;0.0000;0.0000;1.2620;0.7930;0.5480;0.0000;0.5430;0.1560;0.2610;0.0000;0.0000;0.0000;0.0000;0.0000;0.9480;0.2370;0.0000;4
UPL3;weak_dry;2;0.0000;0.0000;0.8870;0.4200;0.3810;0.0000;0.0060;0.0010;0.0030;0.0000;34.2850;8.5710;17.1430;0.0000;0.0000;0.0000;0.0000;4
UPL3;weak_dry;3;0.0000;0.1680;0.7440;0.4190;0.2590;0.0000;0.0550;0.0140;0.0270;0.0000;0.0000;0.0000;0.0000;0.0000;0.0000;0.0000;0.0000;4
UPL3;weak_dry;4;0.0000;0.0000;0.0870;0.0500;0.0450;0.0000;0.0000;0.0000;0.0000;0.0000;0.0000;0.0000;0.0000;0.0000;0.0000;0.0000;0.0000;3
UPL3;weak_dry;O;6.0000;0.0000;0.0000;0.0000;0.0000;0.0000;0.0000;0.0000;0.0000;0.0000;0.0000;0.0000;0.0000;0.0000;0.0000;0.0000;0.0000;3
UPL3;weak_rain;1;0.0000;0.8130;2.0080;1.4190;0.3560;0.0000;0.0280;0.0030;0.0100;0.0000;4.1350;1.2210;1.5130;0.0000;2.8790;0.3770;1.0000;8
UPL3;weak_rain;2;0.0000;0.0000;0.9950;0.5650;0.2930;0.0000;0.0000;0.0000;0.0000;0.0000;42.1530;11.2470;15.6050;0.0000;0.0000;0.0000;0.0000;8
UPL3;weak_rain;3;0.0000;0.0000;0.4960;0.2000;0.1950;0.0000;0.0000;0.0000;0.0000;0.0000;82.3120;11.7590;31.1110;0.0000;0.3030;0.0430;0.0000;7
UPL3;weak_rain;4;0.0000;0.0000;0.3390;0.0740;0.1320;0.0000;0.0000;0.0000;0.0000;0.0000;5.3960;0.7710;2.0390;0.0000;0.0000;0.0000;0.0000;7
UPL3;weak_rain;O;8.2500;0.0000;3.3610;1.6710;1.6650;0.0000;0.0000;0.0000;0.0000;0.0000;0.0000;0.0000;0.0000;0.0000;0.0000;0.0000;0.0000;5
UPL4;strong_dry;1;0.0000;0.0280;2.4240;1.2910;0.8370;0.0000;0.4740;0.1000;0.1610;0.0000;17.0450;4.6530;6.1660;0.0000;0.5980;0.0750;0.0000;8
UPL4;strong_dry;2;0.0000;0.0410;0.9640;0.4300;0.3610;0.0000;0.4220;0.0950;0.1480;0.0000;5.7300;1.3920;2.0650;0.0000;0.3440;0.0470;0.0000;8
UPL4;strong_dry;3;0.0000;0.0280;1.1300;0.2430;0.3650;0.0000;0.2340;0.0330;0.0820;0.0000;5.8100;1.5620;2.0690;0.0000;0.0000;0.0000;0.0000;8
UPL4;strong_dry;4;0.0000;0.0010;0.3790;0.1470;0.1400;0.0000;0.0760;0.0130;0.0270;0.0000;11.3500;1.5550;3.9660;0.0000;0.0000;0.0000;0.0000;8
UPL4;strong_dry;O;0.0000;0.0000;8.8530;2.1950;3.7420;0.0000;0.3860;0.1210;0.1640;0.0000;7.4570;0.8290;2.4860;0.0000;0.0000;0.0000;0.0000;9
UPL4;strong_rain;1;0.0000;0.4050;2.7190;1.7600;1.0050;0.0000;0.1460;0.0370;0.0730;0.9170;8.0110;3.5000;3.1540;0.0000;0.0000;0.0000;0.0000;4
UPL4;strong_rain;2;0.0000;0.4990;0.9750;0.7060;0.1980;0.0000;0.0000;0.0000;0.0000;0.0000;17.9570;8.6730;8.6980;0.0000;0.0000;0.0000;0.0000;4
UPL4;strong_rain;3;0.0000;0.0550;0.4740;0.1870;0.1940;0.0000;0.1650;0.0410;0.0830;0.0000;0.6800;0.1700;0.3400;0.0000;0.0000;0.0000;0.0000;4
UPL4;strong_rain;4;0.0000;0.0000;0.2400;0.1150;0.1220;0.0000;0.0000;0.0000;0.0000;0.0000;1.1170;0.3500;0.5280;0.0000;0.0000;0.0000;0.0000;4
UPL4;strong_rain;O;11.0000;0.0000;0.0000;0.0000;0.0000;0.0000;0.0000;0.0000;0.0000;0.0000;0.0000;0.0000;0.0000;0.0000;0.0000;0.0000;0.0000;4
UPL4;weak_dry;1;0.0000;1.1850;3.8620;2.1130;1.2530;0.0000;0.0000;0.0000;0.0000;0.0000;36.7100;9.4070;18.2070;0.0000;0.0000;0.0000;0.0000;4
UPL4;weak_dry;2;0.0000;0.0000;0.8350;0.3180;0.4020;0.0000;0.0000;0.0000;0.0000;0.0000;16.0530;4.0130;8.0270;0.0000;0.0000;0.0000;0.0000;4
UPL4;weak_dry;3;0.0000;0.0280;0.7440;0.3680;0.3040;0.0000;0.0250;0.0060;0.0120;0.0000;33.6710;8.4180;16.8350;0.0000;0.0000;0.0000;0.0000;4
UPL4;weak_dry;4;0.0000;0.0550;0.4190;0.2380;0.1760;0.0000;0.0000;0.0000;0.0000;0.0000;1.6020;0.4000;0.8010;0.0000;0.0000;0.0000;0.0000;4
UPL4;weak_dry;O;7.7500;0.0000;0.0000;0.0000;0.0000;0.0000;0.0000;0.0000;0.0000;0.0000;0.0000;0.0000;0.0000;0.0000;0.0000;0.0000;0.0000;4
UPL4;weak_rain;1;0.0000;0.5320;2.2870;1.5340;0.6640;0.0000;0.2750;0.0650;0.0950;0.0000;14.9870;3.7730;4.8260;0.0000;1.2400;0.2040;0.0000;8
UPL4;weak_rain;2;0.0000;0.2560;1.0190;0.5480;0.2540;0.0000;0.0470;0.0090;0.0180;0.0000;1.6170;0.3290;0.5640;0.0000;1.2670;0.1650;0.0000;8
UPL4;weak_rain;3;0.0000;0.0000;0.7440;0.1850;0.2350;0.0000;0.3530;0.0650;0.1230;0.0000;9.5820;2.3050;3.9700;0.0000;0.1710;0.0210;0.0000;8
UPL4;weak_rain;4;0.0000;0.0230;0.4550;0.1320;0.1440;0.0000;0.0280;0.0030;0.0100;0.0000;9.9740;1.6260;3.4430;0.0000;0.0000;0.0000;0.0000;8
UPL4;weak_rain;O;8.3750;0.0000;7.8980;2.5000;3.0710;0.0000;0.3400;0.0570;0.1220;0.0000;4.8490;0.6060;1.7140;0.0000;0.0000;0.0000;0.0000;8
UPL5;strong_dry;1;0.0000;0.4740;3.1960;2.0720;0.9600;0.0000;1.1870;0.3810;0.4730;0.3860;7.6890;2.4320;2.3150;0.0000;2.3170;0.2900;1.0000;8
UPL5;strong_dry;2;0.0000;0.0000;1.2400;0.5000;0.4370;0.0000;0.0940;0.0230;0.0400;0.0000;20.5790;4.5020;7.6710;0.0000;0.0000;0.0000;0.0000;7
UPL5;strong_dry;3;0.0000;0.0000;0.6230;0.2410;0.2130;0.0000;0.1020;0.0230;0.0370;0.0000;1.5760;0.5910;0.6450;0.0000;0.0610;0.0080;0.0000;8
UPL5;strong_dry;4;0.0000;0.0410;1.1850;0.2780;0.3740;0.0000;0.2590;0.0470;0.0880;0.0000;3.0060;0.8590;0.9890;0.0000;0.0000;0.0000;0.0000;8
UPL5;strong_dry;O;0.0000;0.0000;15.8410;3.2410;5.4410;0.0000;3.5910;0.6360;1.2280;0.0000;0.0000;0.0000;0.0000;0.0000;0.0000;0.0000;0.0000;8
UPL5;strong_rain;1;0.0000;0.1680;2.2450;1.3390;1.0390;0.0000;0.0000;0.0000;0.0000;0.0000;2.9060;1.3480;1.5660;0.0000;0.0000;0.0000;0.0000;4
UPL5;strong_rain;2;0.0000;0.0410;1.1240;0.5280;0.4810;0.0000;0.0000;0.0000;0.0000;1.2010;15.8880;7.5200;7.0230;0.0000;0.0000;0.0000;0.0000;4
UPL5;strong_rain;3;0.0000;0.1050;0.5430;0.4040;0.2060;0.0000;0.0000;0.0000;0.0000;0.0000;10.4410;2.7530;5.1300;0.0000;0.0000;0.0000;0.0000;4
UPL5;strong_rain;4;0.0000;0.0190;0.1960;0.0890;0.0860;0.0000;0.0000;0.0000;0.0000;0.0000;0.0000;0.0000;0.0000;0.0000;0.0000;0.0000;0.0000;4
UPL5;strong_rain;O;10.7500;0.0000;0.0000;0.0000;0.0000;0.0000;0.0000;0.0000;0.0000;0.0000;0.0000;0.0000;0.0000;0.0000;0.0000;0.0000;0.0000;4
UPL5;weak_dry;1;0.0000;0.2230;2.8130;1.4530;1.1070;0.0000;0.0000;0.0000;0.0000;1.5700;6.9120;3.7230;2.5200;0.0000;0.0000;0.0000;0.0000;4
UPL5;weak_dry;2;0.0000;0.0000;1.1190;0.5430;0.4710;0.0000;0.0000;0.0000;0.0000;0.0000;3.1870;0.9330;1.5250;0.0000;0.0000;0.0000;0.0000;4
UPL5;weak_dry;3;0.0000;0.2450;0.9260;0.5260;0.3350;0.0000;0.0000;0.0000;0.0000;0.0000;0.6280;0.1570;0.3140;0.0000;0.0000;0.0000;0.0000;4
UPL5;weak_dry;4;0.0000;0.0290;0.1540;0.0830;0.0530;0.0000;0.0000;0.0000;0.0000;0.0000;1.0500;0.2620;0.5250;0.0000;0.0000;0.0000;0.0000;4
UPL5;weak_dry;O;12.5000;0.0000;0.0000;0.0000;0.0000;0.0000;0.0000;0.0000;0.0000;0.0000;0.0000;0.0000;0.0000;0.0000;0.0000;0.0000;0.0000;4
UPL5;weak_rain;1;0.0000;0.6200;5.4820;2.0430;1.6670;0.0000;0.0000;0.0000;0.0000;0.4410;8.6510;2.0470;2.7380;0.0000;0.1650;0.0210;0.0000;8
UPL5;weak_rain;2;0.0000;0.0830;1.5430;0.4450;0.4870;0.0000;0.0360;0.0040;0.0130;0.0000;20.2460;5.5990;8.0050;0.0000;0.0000;0.0000;0.0000;8
UPL5;weak_rain;3;0.0000;0.0000;1.0190;0.4060;0.3720;0.0000;0.0000;0.0000;0.0000;0.0000;4.3170;1.0420;1.7860;0.0000;0.0000;0.0000;0.0000;8
UPL5;weak_rain;4;0.0000;0.0000;0.3100;0.0860;0.1070;0.0000;0.0180;0.0020;0.0060;0.0000;3.6920;0.6210;1.2620;0.0000;0.0000;0.0000;0.0000;8
UPL5;weak_rain;O;10.0000;0.0000;11.0290;2.0390;3.8150;0.0000;0.2940;0.0730;0.1120;0.0000;2.8740;0.3590;1.0160;0.0000;0.0000;0.0000;0.0000;8
UPL6;strong_dry;1;0.0000;0.4770;4.3690;1.8390;1.2160;0.0000;0.3910;0.1140;0.1490;0.0000;12.5760;5.1960;5.0970;0.0000;0.0000;0.0000;0.0000;8
UPL6;strong_dry;2;0.0000;0.1490;1.1300;0.5780;0.3780;0.0000;0.1760;0.0400;0.0680;0.0000;9.9180;2.5370;3.8450;0.0000;0.0000;0.0000;0.0000;8
UPL6;strong_dry;3;0.0000;0.0060;0.5100;0.2070;0.1920;0.0000;0.1210;0.0180;0.0420;0.0000;0.1100;0.0140;0.0390;0.0000;0.5510;0.0690;0.0000;8
UPL6;strong_dry;4;0.0000;0.0000;0.4260;0.1190;0.1410;0.0000;0.2180;0.0290;0.0760;0.0000;0.6200;0.1220;0.2360;0.0000;0.0400;0.0050;0.0000;8
UPL6;strong_dry;O;0.0000;0.0000;6.3820;1.4830;2.2360;0.0000;3.5910;0.4980;1.2530;0.0000;0.0000;0.0000;0.0000;0.0000;0.0000;0.0000;0.0000;8
UPL6;strong_rain;1;0.0000;1.3910;2.1460;1.7120;0.3440;0.0000;0.0000;0.0000;0.0000;0.5010;1.7850;1.2780;0.5480;0.0000;0.0000;0.0000;0.0000;4
UPL6;strong_rain;2;0.0000;0.2290;0.9810;0.5410;0.3670;0.0000;0.0000;0.0000;0.0000;0.0880;19.5330;7.4560;8.6950;0.0000;0.1710;0.0430;0.0000;4
UPL6;strong_rain;3;0.0000;0.0720;0.3000;0.2040;0.1010;0.0000;0.0000;0.0000;0.0000;0.0000;0.0060;0.0010;0.0030;0.0000;0.0000;0.0000;0.0000;4
UPL6;strong_rain;4;0.0000;0.0540;0.1800;0.0920;0.0590;0.0000;0.0000;0.0000;0.0000;0.0000;5.5020;1.3750;2.7510;0.0000;0.1470;0.0370;0.0000;4
UPL6;strong_rain;O;4.7500;0.0000;0.0000;0.0000;0.0000;0.0000;0.0000;0.0000;0.0000;0.0000;0.0000;0.0000;0.0000;0.0000;0.0000;0.0000;0.0000;4
UPL6;weak_dry;1;0.0000;1.4960;4.2510;2.3660;1.2730;0.0000;0.1980;0.0500;0.0990;0.0000;7.6500;3.5130;3.9400;0.0000;0.0000;0.0000;0.0000;4
UPL6;weak_dry;2;0.0000;0.2370;2.5840;1.0970;1.0440;0.0000;0.0000;0.0000;0.0000;0.0000;17.2130;4.7510;8.3510;0.0000;0.0000;0.0000;0.0000;4
UPL6;weak_dry;3;0.0000;0.0500;0.3310;0.2090;0.1190;0.0000;0.0000;0.0000;0.0000;0.0000;10.7390;2.6850;5.3690;0.0000;0.0000;0.0000;0.0000;4
UPL6;weak_dry;4;0.0000;0.0000;0.3180;0.1050;0.1500;0.0000;0.0730;0.0290;0.0350;0.0000;0.0000;0.0000;0.0000;0.0000;0.0000;0.0000;0.0000;4
UPL6;weak_dry;O;6.2500;0.0000;0.0000;0.0000;0.0000;0.0000;0.0000;0.0000;0.0000;0.0000;0.0000;0.0000;0.0000;0.0000;0.0000;0.0000;0.0000;4
UPL6;weak_rain;1;0.0000;0.0000;5.4550;1.5840;1.6780;0.0000;0.5790;0.1560;0.2170;0.0000;35.5110;8.5010;12.9800;0.0000;0.8820;0.1140;0.0000;8
UPL6;weak_rain;2;0.0000;0.1650;1.7220;0.6670;0.5560;0.0000;0.0830;0.0170;0.0330;0.0000;46.5310;6.9430;16.0420;0.0000;0.4130;0.0550;0.0000;8
UPL6;weak_rain;3;0.0000;0.0000;0.6890;0.2500;0.2510;0.0000;0.1650;0.0290;0.0570;0.0000;1.3440;0.2400;0.4900;0.0000;1.7910;0.2240;1.0000;8
UPL6;weak_rain;4;0.0000;0.0000;0.2410;0.0680;0.0810;0.0000;0.0010;0.0000;0.0000;0.0000;0.9550;0.2660;0.3620;0.0000;0.0000;0.0000;0.0000;8
UPL6;weak_rain;O;7.5000;0.0000;10.6250;2.9040;3.7540;0.0000;0.0830;0.0100;0.0290;0.0000;3.1960;1.0540;1.3790;0.0000;0.0000;0.0000;0.0000;8
UPL7;strong_dry;1;0.0000;0.0000;3.7470;1.1680;1.3780;0.0000;0.3390;0.1410;0.1550;0.0000;1.9280;0.9900;0.8240;0.0000;0.7740;0.2070;0.0000;6
UPL7;strong_dry;2;0.0000;0.1930;1.0470;0.5970;0.3100;0.0000;1.3770;0.2110;0.4790;0.0000;22.5630;6.7080;7.7430;0.0000;0.1460;0.0180;0.0000;8
UPL7;strong_dry;3;0.0000;0.2200;1.5150;0.5860;0.4730;0.0000;1.6810;0.3040;0.6760;0.0000;40.7460;12.6920;15.1820;0.0000;0.4460;0.1280;0.0000;6
UPL7;strong_dry;4;0.0000;0.0000;0.7160;0.2630;0.3120;0.0000;0.2520;0.0610;0.1030;0.0000;9.6840;4.0480;4.2940;0.0000;0.0000;0.0000;0.0000;7
UPL7;strong_dry;O;0.0000;0.0000;4.6930;1.1980;1.9820;0.0000;1.4230;0.2370;0.5810;0.0000;0.7620;0.1270;0.3110;0.0000;0.6060;0.1010;0.0000;6
UPL7;strong_rain;1;0.0000;0.8980;2.3780;1.7200;0.7000;0.0000;0.3660;0.1400;0.1760;0.0000;12.5900;4.0640;5.7520;0.0000;0.0000;0.0000;0.0000;4
UPL7;strong_rain;2;0.0000;0.2640;1.2420;0.7290;0.4400;0.0000;0.1320;0.0480;0.0630;0.0000;2.2200;0.6140;1.0770;0.0000;0.4460;0.1120;0.0000;4
UPL7;strong_rain;3;0.0000;0.0300;0.8680;0.2860;0.3450;0.0000;0.0000;0.0000;0.0000;0.0000;14.0720;3.3460;6.0980;0.0000;1.4520;0.3100;1.0000;5
UPL7;strong_rain;4;0.0000;0.0220;0.0700;0.0520;0.0260;0.0000;0.0120;0.0040;0.0070;0.0000;0.1250;0.0760;0.0670;0.0000;0.0960;0.0320;0.0000;3
UPL7;strong_rain;O;3.6250;0.0000;0.0000;0.0000;0.0000;0.0000;0.0000;0.0000;0.0000;0.0000;0.0000;0.0000;0.0000;0.0000;0.0000;0.0000;0.0000;4
UPL7;weak_dry;1;0.0000;0.0000;1.4770;0.7480;0.8340;0.0850;0.5810;0.3240;0.2030;0.0000;52.5560;14.1800;25.6280;0.0000;0.0000;0.0000;0.0000;4
UPL7;weak_dry;2;0.0000;0.1210;1.6500;0.6940;0.6930;0.0000;0.2230;0.0650;0.1070;1.3580;45.0760;15.4080;20.0070;0.0000;0.0000;0.0000;0.0000;4
UPL7;weak_dry;3;0.0000;0.0740;0.7030;0.3130;0.2630;0.0000;0.0610;0.0210;0.0300;0.0000;2.7990;1.1300;1.1750;0.0000;0.0000;0.0000;0.0000;5
UPL7;weak_dry;4;0.0000;0.0000;0.1530;0.0840;0.0780;0.0000;0.1570;0.0770;0.0790;0.0000;0.1200;0.0400;0.0690;0.0000;0.0000;0.0000;0.0000;3
UPL7;weak_dry;O;5.2500;0.0000;5.0050;1.2510;2.5020;0.0000;0.0000;0.0000;0.0000;0.0000;0.0000;0.0000;0.0000;0.0000;0.0000;0.0000;0.0000;4
UPL7;weak_rain;1;0.0000;0.7360;3.6700;1.8760;0.9980;0.0000;0.5650;0.1250;0.2340;0.7220;8.1330;3.3240;2.1950;0.0000;0.2920;0.0370;0.0000;8
UPL7;weak_rain;2;0.0000;0.1490;1.2620;0.6060;0.3790;0.0000;0.0610;0.0150;0.0270;0.6530;39.0380;10.8790;14.0510;0.0000;0.3000;0.0380;0.0000;8
UPL7;weak_rain;3;0.0000;0.1130;1.9750;0.5770;0.5500;0.0000;0.1290;0.0210;0.0460;0.0000;64.4410;16.0510;21.6430;0.0000;0.0000;0.0000;0.0000;9
UPL7;weak_rain;4;0.0000;0.0000;1.1850;0.3320;0.4020;0.0000;0.0580;0.0160;0.0280;0.0170;19.8360;5.5820;7.4920;0.0000;0.0000;0.0000;0.0000;7
UPL7;weak_rain;O;7.0000;0.0000;4.2060;1.2500;1.7310;0.0000;9.0450;1.3810;3.1370;0.0000;15.5840;1.9480;5.5100;0.0000;1.4230;0.3210;1.0000;8
UPL8;strong_dry;1;0.0000;0.4300;2.7550;1.4250;0.9280;0.0000;0.6420;0.1720;0.2180;0.0000;8.3200;1.7650;2.9000;0.0000;0.0000;0.0000;0.0000;8
UPL8;strong_dry;2;0.0000;0.2480;1.0190;0.5800;0.3210;0.0000;0.5510;0.1640;0.2100;0.0000;34.8500;9.3440;13.6080;0.0000;1.0740;0.1620;0.0000;8
UPL8;strong_dry;3;0.0000;0.1740;0.6690;0.3930;0.1840;0.0000;0.3030;0.0960;0.1040;0.0000;20.0610;2.9580;7.5430;0.0000;0.0000;0.0000;0.0000;7
UPL8;strong_dry;4;0.0000;0.0000;0.5060;0.1400;0.2030;0.0000;0.0260;0.0040;0.0100;0.0000;1.1170;0.2440;0.4440;0.0000;0.0000;0.0000;0.0000;7
UPL8;strong_dry;O;0.0000;0.0000;1.9840;0.2950;0.6860;0.0000;1.7820;0.2820;0.6280;0.0000;0.0000;0.0000;0.0000;0.0000;0.1190;0.0150;0.0000;8
UPL8;strong_rain;1;0.0000;1.1460;1.7710;1.3580;0.2870;0.0000;0.3800;0.1400;0.1660;0.0000;6.7220;2.1460;3.0950;0.0000;0.0000;0.0000;0.0000;4
UPL8;strong_rain;2;0.0000;0.1210;0.9090;0.4120;0.3520;0.0000;0.2780;0.1380;0.1600;0.0000;62.6720;22.3990;28.6440;0.0000;0.0000;0.0000;0.0000;4
UPL8;strong_rain;3;0.0000;0.2700;0.5590;0.3980;0.1440;0.0000;0.3200;0.0800;0.1600;0.0960;26.9160;8.3540;12.4690;0.0000;0.6140;0.1540;0.0000;4
UPL8;strong_rain;4;0.0000;0.0000;0.2400;0.0960;0.1020;0.0000;0.0000;0.0000;0.0000;0.0000;0.0660;0.0170;0.0330;0.0000;0.0000;0.0000;0.0000;4
UPL8;strong_rain;O;7.7500;0.0000;0.0000;0.0000;0.0000;0.0000;0.0000;0.0000;0.0000;0.0000;0.0000;0.0000;0.0000;0.0000;0.0000;0.0000;0.0000;4
UPL8;weak_dry;1;0.0000;0.9390;2.0440;1.4860;0.5910;0.1240;0.3610;0.2090;0.1040;0.4460;12.8160;5.0310;5.5230;0.0000;0.0000;0.0000;0.0000;4
UPL8;weak_dry;2;0.0000;0.1270;2.1130;0.8580;0.9130;0.0000;0.7360;0.2830;0.3190;0.0000;17.1880;5.6070;8.1060;0.0000;0.0000;0.0000;0.0000;4
UPL8;weak_dry;3;0.0000;0.0360;0.3860;0.1880;0.1700;0.0000;1.9480;0.4950;0.9680;0.0000;4.5350;1.1340;2.2670;0.0000;0.0000;0.0000;0.0000;4
UPL8;weak_dry;4;0.0000;0.0000;0.3500;0.1170;0.2020;0.0000;0.0000;0.0000;0.0000;0.0000;0.0000;0.0000;0.0000;0.0000;0.0000;0.0000;0.0000;3
UPL8;weak_dry;O;6.0000;0.0000;0.0000;0.0000;0.0000;0.0000;0.0000;0.0000;0.0000;0.0000;0.0000;0.0000;0.0000;0.0000;0.0000;0.0000;0.0000;4
UPL8;weak_rain;1;0.0000;0.5620;1.9010;1.2660;0.3980;0.0000;0.1680;0.0330;0.0590;0.0000;5.4270;2.2320;1.9260;0.0000;0.3030;0.0380;0.0000;8
UPL8;weak_rain;2;0.0000;0.2480;3.1600;0.8580;0.9720;0.0000;0.1100;0.0180;0.0390;0.0000;8.2100;2.4590;3.1830;0.0000;0.1100;0.0140;0.0000;8
UPL8;weak_rain;3;0.0000;0.0000;1.6120;0.3990;0.5290;0.0000;0.0410;0.0050;0.0150;0.0000;1.1850;0.3830;0.5180;0.0000;0.0000;0.0000;0.0000;8
UPL8;weak_rain;4;0.0000;0.0000;1.9990;0.3440;0.7360;0.0000;0.0330;0.0050;0.0120;0.0000;1.0320;0.2060;0.3780;0.0000;0.0000;0.0000;0.0000;7
UPL8;weak_rain;O;5.7500;0.0000;9.8720;2.0470;3.4750;0.0000;0.4590;0.0840;0.1690;0.0000;1.7630;0.2200;0.6230;0.0000;0.0000;0.0000;0.0000;8
UPL9;strong_dry;1;0.0000;0.0000;1.9560;1.1360;0.6330;0.0000;0.4880;0.0810;0.1740;0.0000;11.8190;3.1420;4.3420;0.0000;0.0000;0.0000;0.0000;8
UPL9;strong_dry;2;0.0000;0.2310;1.6250;0.6650;0.5680;0.0000;0.1100;0.0170;0.0390;0.0000;16.0890;3.2920;5.6970;0.0000;0.0000;0.0000;0.0000;8
UPL9;strong_dry;3;0.0000;0.1650;0.8820;0.4540;0.2900;0.0000;0.1430;0.0420;0.0550;0.0000;1.1020;0.1380;0.3900;0.0000;0.0000;0.0000;0.0000;8
UPL9;strong_dry;4;0.0000;0.0000;0.3620;0.1630;0.1820;0.0000;0.0120;0.0020;0.0050;0.0000;5.8360;0.9730;2.3830;0.0000;0.0000;0.0000;0.0000;6
UPL9;strong_dry;O;0.0000;0.0000;11.9110;2.1430;4.1110;0.0000;1.8090;0.4990;0.8010;0.0000;0.2750;0.0340;0.0970;0.0000;0.0000;0.0000;0.0000;8
UPL9;strong_rain;1;0.0000;0.7410;1.6750;1.2580;0.3870;0.0000;0.3310;0.1210;0.1450;0.0000;0.6230;0.1780;0.3000;0.0000;5.8180;1.7050;3.0000;4
UPL9;strong_rain;2;0.0000;0.2780;0.5650;0.4300;0.1280;0.0000;0.2480;0.0870;0.1110;0.0000;8.4470;2.5820;3.9730;0.0000;0.0390;0.0100;0.0000;4
UPL9;strong_rain;3;0.0000;0.0000;0.3470;0.1990;0.1520;0.0000;0.1430;0.0360;0.0720;0.0000;0.1290;0.0320;0.0650;0.0000;0.1820;0.0450;0.0000;4
UPL9;strong_rain;4;0.0000;0.0000;0.3490;0.1850;0.1750;0.0000;0.0000;0.0000;0.0000;0.0000;0.7480;0.2490;0.4320;0.0000;0.0000;0.0000;0.0000;3
UPL9;strong_rain;O;6.0000;0.0000;0.0000;0.0000;0.0000;0.0000;0.0000;0.0000;0.0000;0.0000;0.0000;0.0000;0.0000;0.0000;0.0000;0.0000;0.0000;4
UPL9;weak_dry;1;0.0000;0.4740;1.3000;0.7890;0.3850;0.0000;0.0000;0.0000;0.0000;0.0000;1.3170;0.7730;0.6540;0.0000;0.0000;0.0000;0.0000;4
UPL9;weak_dry;2;0.0000;0.3420;0.9640;0.6250;0.2960;0.0000;0.0000;0.0000;0.0000;0.0000;4.5700;1.7470;2.2010;0.0000;0.0000;0.0000;0.0000;4
UPL9;weak_dry;3;0.0000;0.0520;0.7380;0.3160;0.3030;0.0000;0.0000;0.0000;0.0000;0.0000;2.9530;0.9600;1.3930;0.0000;0.0000;0.0000;0.0000;4
UPL9;weak_dry;4;0.0000;0.0000;0.0000;0.0000;0.0000;0.0000;0.0000;0.0000;0.0000;0.0000;0.0000;0.0000;0.0000;0.0000;0.0000;0.0000;0.0000;2
UPL9;weak_dry;O;10.7500;0.0000;0.0000;0.0000;0.0000;0.0000;0.0000;0.0000;0.0000;0.0000;0.0000;0.0000;0.0000;0.0000;0.0000;0.0000;0.0000;4
UPL9;weak_rain;1;0.0000;0.3880;2.7820;1.5530;0.7250;0.0000;0.4410;0.0750;0.1510;0.0000;10.1570;3.3560;3.8070;0.0000;0.1290;0.0160;0.0000;8
UPL9;weak_rain;2;0.0000;0.2480;1.2510;0.7950;0.4010;0.0000;0.0280;0.0030;0.0100;0.0000;19.7250;2.9670;6.8380;0.0000;0.0000;0.0000;0.0000;8
UPL9;weak_rain;3;0.0000;0.0550;1.1020;0.4440;0.4230;0.0000;0.1380;0.0280;0.0530;0.0000;18.5190;5.9380;7.3870;0.0000;0.0000;0.0000;0.0000;7
UPL9;weak_rain;4;0.0000;0.0000;1.3770;0.3640;0.5850;0.0000;0.0120;0.0050;0.0060;0.0000;0.8980;0.1800;0.4020;0.0000;0.0000;0.0000;0.0000;5
UPL9;weak_rain;O;6.5000;0.0000;4.4350;1.4080;1.7370;0.0000;0.9270;0.1700;0.3240;0.0000;24.6020;3.1280;8.6780;0.0000;1.0100;0.1260;0.0000;8
