plotID;sampleID;BG_1;BG_2;CB_1;CB_2;AP_1;AP_2;NAG_1;NAG_2;LAP_1;LAP_2;SACCH_1;SACCH_2;PROT_1;PROT_2;MBC_1;MBC_2;TDN_1;TDN_2;NH4_1;NH4_2;NO3_1;NO3_2;DOC-nf_1;DOC-nf_2;DOC_1;DOC_2;;;;;
KBPL10;KBPL10C4;0;55.5663;219.6311;0;2429.9043;501.1374;265.1006;55.94;29.6465;0;230.2029;95.0139;89.5302;63.1065;57.5855;-9999;36.2255;144.4758;19.5367;1.1998;5.1375;43.7146;179.8559;134.2567;67.5385;34.3767;;;;;sample_ID
KBPL10;KBPL10C7;0;0;0;0;1606.5971;405.4738;0;0;5.0088;0;98.8585;122.761;127.8058;50.9135;53.3281;3.9534;12.1709;42.0086;4.9448;7.4975;3.1197;24.7983;129.8371;98.4321;40.2644;18.3295;;;;;BG_1
KBPL12;KBPL12C4;0;0;0;19.8956;1196.7053;1880.211;0;0;0;0.7959;100.3215;188.1237;88.4837;34.4455;322.8803;213.7804;30.5725;49.8789;11.7347;20.2524;4.9869;27.7194;298.2174;179.3687;143.6604;37.0513;;;;;BG_2
KBPL2;KBPL2C4;0;10.1858;0;0;1863.7661;213.8662;0;0;38.0571;21.5676;337.3889;645.1345;139.0376;-9999;676.6234;14.7989;30.957;52.6196;14.0718;40.7109;0.9986;6.814;334.555;190.2199;162.0306;13.351;;;;;CB_1
KBPL2;KBPL2C7;0;0;0;73.1905;1193.0638;752.5135;0;90.0476;0;0;88.1739;138.2696;92.5775;-9999;592.7673;26.1996;24.1719;27.3256;6.255;14.2526;4.9457;6.2729;245.3242;151.884;143.6097;20.8792;;;;;CB_2
KBPL3;KBPL3C4;0;51.2123;0;0;2487.3395;1056.4872;0;42.3513;3.069;4.0404;225.4905;266.0191;91.6061;24.1145;102.5834;19.4665;39.0615;65.452;17.7881;26.7083;1.6998;18.3075;322.1765;189.4644;126.4902;87.7883;;;;;AP_1
KBPL5;KBPL5C7;0;0;0;57.901;1312.5465;328.6048;0;0;0;0;331.5845;-9999;109.0716;91.9719;293.9665;-9999;34.4179;75.5219;11.3955;52.5565;5.3156;10.2848;400.666;956.5176;162.7145;917.2255;;;;;AP_2
KBPL6;KBPL6C4;0;115.8808;0;0;1497.5797;294.1006;0;0;67.495;9.7585;251.0188;170.6036;46.6589;25.5558;49.0029;46.4543;30.0956;59.6797;14.767;37.1011;6.6;23.2557;233.4154;130.1055;85.8602;24.6796;;;;;NAG_1
KBPL8;KBPL8C4;0;44.7345;0;0;2929.1933;334.4979;0;0;22.8209;18.9773;496.9849;324.5826;40.8897;54.8294;54.0385;26.0601;44.0157;111.6676;18.6687;88.0059;4.8991;18.1473;501.5641;305.7902;175.8832;38.4225;;;;;NAG_2
NPL10;NPL10C7;0;0;0;1.8894;12.2418;0;0;0;0;11.3073;-9999;53.4815;81.9314;-9999;272.2998;36.9514;3.6206;8.4021;1.2337;2.9394;0.4623;3.622;72.2306;56.0765;28.8223;14.8201;;;;;LAP_1
NPL1;NPL1C7;0;0;0;0;0;109.6002;0;0;0;1.3259;100.1005;85.691;36.3679;-9999;35.8806;33.6142;6.9468;16.2771;0.7727;4.4416;4.5133;7.2918;160.106;127.1142;46.8157;22.4379;;;;;LAP_2
NPL2;NPL2C1;0;751.7417;213.643;817.1976;8934.4723;3827.7023;0;161.457;0;19.0317;328.2593;349.1926;48.1616;-9999;277.5564;88.9072;110.4402;194.8383;43.9395;121.6079;23.4647;75.8876;564.7978;258.6063;344.9307;151.9166;;;;;SACCH_1
NPL2;NPL2C4;0;0;0;0;748.2706;623.2825;0;0;20.67;18.444;152.9214;428.1137;144.7387;33.6781;352.8686;67.7506;20.6477;37.6674;1.1618;16.0103;12.3578;19.5163;353.2674;236.8624;106.9267;26.9084;;;;;SACCH_2
NPL2;NPL2C7;0;187.6416;0;146.9472;249.3543;674.6323;0;48.8258;0;0;82.6112;93.3843;99.3147;73.2492;343.1822;16.1466;14.601;22.995;1.067;5.4798;12.0274;13.7013;254.3329;219.5015;57.1113;16.2952;;;;;PROT_1
NPL3;NPL3C1;0;0;360.405;118.329;14294.2542;3884.9547;0;634.9184;0;0;331.1394;222.3044;-9999;-9999;133.817;195.8812;121.5798;235.0567;49.1282;137.6114;14.791;47.8183;671.5409;248.918;435.0391;129.0612;;;;;PROT_2
NPL3;NPL3C4;0;0;290.2043;230.4276;988.5188;520.784;7.7516;224.8475;0;0.9235;237.4143;211.1147;223.4694;70.3245;39.4683;113.4087;25.1723;38.0863;2.7801;23.1196;11.3488;12.6523;361.0996;231.5609;107.7802;38.8919;;;;;MBC_1
NPL4;NPL4C7;0;0;0;0;663.1565;145.7551;0;0;0;4.3866;-9999;32.238;38.6502;36.9349;21.1197;10.8116;3.0446;9.5312;0.6418;4.2423;1.507;2.721;88.0809;83.0406;36.7989;26.429;;;;;MBC_2
NPL5;NPL5C4.2;0;23.008;0;39.4131;588.0313;319.7403;0;0;17.6678;0;-9999;183.7202;103.441;-9999;207.6571;-9999;8.9445;20.4689;1.5441;5.3193;2.353;3.1699;180.3431;686.6902;62.9985;792.7084;;;;;TDN_1
NPL5;NPL5C7;0;17.2379;0;0;0;1173.585;0;29.6111;1.9911;0;93.4569;52.4686;74.5757;-9999;351.7814;12.3804;12.1313;18.8216;0.4606;9.1444;5.0148;5.5043;157.3163;135.1252;55.5026;17.0923;;;;;TDN_2
NPL5;NPL5C7.2;0;0;43.7302;14.8539;0;299.5887;0;0;0;1.4231;-9999;-9999;68.0733;-9999;181.7618;128.0216;2.8017;5.9374;1.893;2.5824;0.1409;1.7229;45.1213;27.0699;35.3114;21.5072;;;;;NH4_1
NPL6;NPL6C7;0;101.2141;0;70.5577;843.6612;251.1629;0;0;80.7488;0;72.4024;71.015;23.8286;26.2202;48.6988;55.801;7.8671;14.5793;1.1744;4.6456;1.8555;3.6835;147.1664;106.9763;27.9257;24.0042;;;;;NH4_2
NPL7;NPL7C7;0;0;0;78.4667;1339.7381;197.5475;0;0;0;18.9553;187.261;122.1608;68.9218;10.5373;26.3116;16.3443;21.5345;36.9288;1.113;12.6264;14.9187;18.9798;264.9883;168.5196;113.2117;39.1863;;;;;NO3_1
NPL8;NPL8C7;0;157.1556;97.892;162.1749;330.0585;1294.1466;114.5048;44.3974;0;3.0105;70.3532;115.5738;-9999;-9999;43.7324;79.7439;13.0605;16.3377;-9999;2.3875;8.7344;8.5991;166.3108;134.8112;27.4935;19.6189;;;;;NO3_2
NPL9;NPL9C7;0;0;0;14.4033;0;0;0;244.9875;0;0;46.4454;1.3844;53.4669;61.1332;118.761;12.6109;8.6879;14.4755;0.2445;2.2458;5.4883;6.2982;190.9778;113.1657;150.7467;16.0165;;;;;DOC-nf_1
UPL10;UPL10C4;0;0;64.1609;111.4098;911.2616;271.2774;140.7978;0;0;0;141.1514;96.9075;90.0432;47.2788;29.118;44.7031;5.8591;25.6533;2.7956;0.7083;0.4127;27.2169;45.4714;25.1166;11.0261;8.8954;;;;;DOC-nf_2
UPL11;UPL11C1;0;63.2041;144.8239;273.6615;889.1053;2360.2932;0;0;11.1278;7.5445;171.8328;91.3209;235.0924;54.1683;211.4414;105.6647;111.5399;149.9045;88.3708;0.6006;8.7182;140.4392;133.3708;59.0485;86.9226;25.3798;;;;;DOC_1
UPL12;UPL12C4;0;73.7195;0;93.3187;217.0255;105.2343;0;81.9943;0;0;122.4833;72.3351;115.5829;4.6567;258.3474;34.0267;3.8424;23.2194;1.7676;3.9758;0.4028;15.8611;39.9807;40.0096;20.9099;8.858;;;;;DOC_2
UPL12;UPL12C7;0;19.7026;0;128.4223;844.2709;254.8736;36.4678;0;55.6024;0;-9999;55.279;24.5641;17.5002;12.8883;21.5598;3.1232;8.4174;1.1669;4.1322;0.3766;2.4174;34.8745;23.5025;7.4096;-9999;;;;;
UPL2;UPL2C1;0;376.1754;0;309.8167;6871.0072;2461.7954;1946.7345;460.2255;161.7148;25.5229;366.8713;877.4785;133.5664;88.4655;605.5975;426.2675;122.9958;478.7588;110.2154;0.6409;31.2474;66.3352;141.5356;107.3684;119.6422;66.8786;;;;;
UPL2;UPL2C4;0;81.5625;0;1.3503;312.0179;525.0513;0;0;0;0;132.4974;180.3269;97.5131;64.4237;282.8416;16.9481;11.6972;35.0776;7.9475;0.0395;0.5378;28.1877;61.2904;32.4959;46.5826;-9999;;;;;
UPL2;UPL2C7;0;27.6283;0;0;401.3393;309.9162;0;214.8235;0;0;172.323;17.8226;100.3567;-9999;258.1547;8.1305;3.2967;16.1381;1.2764;0.0473;0.6749;13.6443;50.1714;35.2468;15.7836;-9999;;;;;
UPL3;UPL3C4(Subplot1&3);0;122.9921;570.4936;245.7873;1998.5686;170.4075;1964.1655;0;0;0;171.2434;214.235;-9999;33.9034;113.7125;104.3607;31.5811;90.8976;18.5832;0.1718;5.9398;48.1314;81.2283;29.062;32.3822;-9999;;;;;
UPL4;UPL4C4;0;23.8818;0;0;662.9345;306.7117;0;67.0295;2.9881;0;199.0966;-9999;76.4027;25.2853;351.2173;-9999;4.9608;36.4957;2.3034;0.0764;1.0698;32.8939;45.1848;47.6547;31.2677;4.5535;;;;;
UPL4;UPL4C7;0;0;0;72.7728;856.7626;256.7922;0;0;0;0;79.8503;-9999;89.0159;25.7161;298.1681;2.6755;2.6691;14.6875;1.4599;4.4464;0.566;7.7872;59.1324;50.8383;18.6252;6.8902;;;;;
UPL6;UPL6C4;0;142.2434;0;7.8312;399.0091;464.149;0;0;11.8145;1.6612;196.5744;132.4147;165.5284;68.5098;304.0647;-9999;10.0746;53.7578;6.829;0.5082;0.5121;31.9303;65.8735;114.9842;23.7293;111.5345;;;;;
UPL6;UPL6C7;0;101.7369;0;69.2691;306.8507;716.4854;0;131.0782;0;0;84.9237;-9999;68.1146;3.9511;333.4085;16.8223;2.6587;13.8586;0.7643;3.6384;1.1187;8.0387;47.1186;41.4955;14.3434;10.4296;;;;;
UPL7;UPL7C7;0;0;0;86.0274;1006.2327;63.7648;71.4173;0;36.1633;0;209.611;229.0834;79.6551;44.4071;-9999;38.1958;6.6066;9.8472;2.2861;4.3296;0.7257;2.4411;114.9086;65.445;83.5321;10.6095;;;;;
UPL9;UPL9C7;0;34.147;25.0123;218.132;1060.4364;180.6587;97.3822;0;71.8024;0;151.7735;261.7451;59.1774;28.1877;50.3715;59.3759;5.0769;23.7891;0.84;5.3106;0.6;10.3549;101.5434;61.2384;21.3091;25.5612;;;;;
KBPL10;KBPL10C10;3.1126;36.0896;0;45.1685;10245.0038;555.8309;0;38.9127;15.1902;5.0103;56.6458;28.0538;21.5882;87.4278;77.8686;79.893;104.5051;80.3832;2.0127;4.4404;7.5316;15.7634;38.7381;16.7725;82.3363;81.1086;;;;;
KBPL8;KBPL8C7;18.7471;0;0.123;0;1483.0209;530.2203;0;0;0;1.2249;364.9219;224.9481;141.9162;32.6233;46.3514;39.1302;23.9816;56.4772;7.5375;33.6441;2.8984;6.7186;380.0376;269.6344;132.2857;43.2639;;;;;
NPL10;NPL10C4;22.7146;172.6985;0;0;0;0;0;0;0;6.6096;-9999;88.3502;17.8125;-9999;336.7792;41.0287;3.8232;11.2858;0.5195;1.6146;0.2769;3.7095;111.0835;83.8228;55.9837;27.2074;;;;;
KBPL1;KBPL1C7;33.3814;98.1409;0;0;588.4548;339.8233;0;0;0;2.2961;255.6353;111.5138;180.1454;28.1982;62.5633;24.5527;26.1418;42.0076;8.1073;31.7084;1.5791;4.8098;306.6484;209.737;132.3647;35.5297;;;;;
NPL8;NPL8C4;34.391;240.1797;0;0;2438.9027;654.7039;0;102.2933;0;50.7744;115.0039;169.7745;86.5883;-9999;93.008;125.0286;19.9345;35.3232;0.7589;15.2838;14.7964;20.1764;267.5566;237.3343;65.7817;48.3405;;;;;
NPL6;NPL6C4;36.3665;0;6.4004;0;5432.147;551.0449;0;0;0;0;105.2114;83.1232;33.3821;9.9391;59.2578;61.8116;21.5293;37.0094;1.3436;17.1901;14.8797;17.767;201.2094;117.4929;72.7982;32.2658;;;;;
UPL11;UPL11C4;38.2981;2.1282;0;8.2293;2211.7698;166.2043;0;0;0;9.3933;239.1476;201.3307;138.0093;87.3098;1.203;4.2205;11.93;40.6034;8.5507;0.1527;1.4267;28.6773;51.432;37.4411;23.2434;28.3672;;;;;
KBPL4;KBPL4C7;42.9318;989.9606;0;0;1137.6947;861.5346;0;0;11.7093;0;148.9304;252.3838;69.0759;35.3853;85.5195;48.7555;28.6661;39.2057;9.6119;27.263;5.0294;5.1999;303.3495;233.6808;117.9642;75.5617;;;;;
NPL1;NPL1C4;50.4506;36.6918;0;116.6205;1722.0139;814.7759;0;0;1.7336;33.0546;126.5835;106.5611;-9999;-9999;-9999;2.5826;16.0487;33.0275;0.0622;14.9555;12.9992;16.727;287.6452;227.3735;66.4813;44.3913;;;;;
UPL7;UPL7C4;53.6178;23.0102;0;44.575;2042.9425;565.7653;89.7771;19.5918;36.7624;0;130.7765;232.4302;53.9458;63.1131;25.8354;28.8792;7.2366;32.5543;2.5232;7.8329;0.5742;15.2454;85.2636;54.3182;38.6122;5.3209;;;;;
NPL9;NPL9C4;61.4107;142.1844;0;97.5638;0;622.4799;0;0;0;0;22.6415;-9999;13.0209;-9999;307.5297;-9999;13.8714;27.5943;0.355;10.5139;10.7282;14.9561;202.1107;191.9853;115.6233;31.1928;;;;;
UPL3;UPL3C7;67.9009;0;19.3677;0;1410.6389;131.5379;0;0;51.5156;0;31.1425;276.2515;56.4529;6.1835;24.5993;47.8589;3.4729;8.2066;0.1916;3.1032;1.6113;2.5978;73.1106;56.8942;29.3028;13.0424;;;;;
KBPL11;KBPL11C10;77.8686;79.893;9.9849;0;1070.2875;998.4742;0;58.3036;0;0;25.9143;-9999;-9999;138.1278;1492.865;114.1584;149.7357;77.8546;2.788;26.1215;8.0608;41.5732;65.5614;27.0895;10.4284;-9999;;;;;
UPL10;UPL10C7;81.9282;0;0;14.0861;595.6988;91.1891;0;0;14.3043;0;17.3269;62.4782;31.4884;10.0395;3.1505;7.1759;2.888;5.3785;0.6136;1.5262;0.6256;2.0165;60.6705;37.0857;20.6062;4.7494;;;;;
UPL3;UPL3C4(Subplot2&4);89.3755;0;0;37.5097;1014.8208;418.0647;0;0;72.6223;0;174.5898;237.3708;109.0843;62.2682;2.5616;54.0612;11.4114;32.9663;5.6864;0.243;1.8998;29.1501;75.9111;34.1525;27.2069;1.7279;;;;;
UPL11;UPL11C7;92.5793;51.0479;0;0.3095;4714.3277;194.8675;0;1.238;0;6.1942;95.5085;82.8458;102.8877;35.2165;4.5621;21.2856;2.5394;39.0102;1.1753;0.4042;0.5822;28.8415;50.8346;41.3505;15.0942;15.9131;;;;;
NPL3;NPL3C7;101.3538;125.6322;17.1357;0;242.5561;127.3236;0;93.8417;0;0;104.8744;131.6613;28.9057;114.7918;58.645;116.8904;15.1257;21.8407;1.8093;6.0822;7.1388;8.4075;218.8089;180.5987;49.0002;22.7299;;;;;
KBPL7;KBPL7C7;148.2373;54.7923;56.5433;0;1410.0025;949.1829;41.9696;72.9081;0;9.4534;99.8136;217.551;59.3471;40.5322;54.0244;40.9659;32.2701;79.3282;6.4557;1.1321;11.7953;55.0502;118.0993;103.3954;22.6686;42.5374;;;;;
NPL5;NPL5C4;150.0798;0;0;9.946;1339.1798;1208.6299;0;0;0;3.7246;32.163;217.4364;84.101;34.1686;550.4209;60.7049;18.9149;38.2595;2.5206;21.894;11.6193;11.9486;244.3168;197.4462;110.6034;21.9487;;;;;
KBPL9;KBPL9C7;188.847;77.9677;0;16.4311;866.6351;216.1682;0;2.0637;0;0;67.703;443.007;83.6475;11.4769;462;-9999;28.9778;73.3024;10.2552;45.6948;5.4903;12.4742;343.1731;406.7883;231.3766;255.2944;;;;;
UPL8;UPL8C7;210.6215;0;0;32.5044;797.5201;31.703;73.6985;29.6446;83.2516;0;-9999;138.0751;25.1281;38.6375;43.0446;-9999;3.8635;16.3712;0.6958;5.0284;0.526;7.1547;64.3695;71.3247;13.5871;37.2641;;;;;
KBPL1;KBPL1C4;227.6652;108.8017;0;0;2309.7661;370.217;0;0;0;6.9452;339.1831;238.3462;118.2888;19.1006;87.9646;20.3586;30.9405;70.0774;11.7899;59.7925;3.2376;10.9076;382.1842;246.5534;149.6093;35.9287;;;;;
NPL11;NPL11.3C7;261.3975;0;0;12.7287;600.4605;118.2763;383.7621;0;0;13.1394;1.5767;-9999;-9999;-9999;111.3676;14.0931;8.0069;14.6826;2.9678;8.4451;0.3472;0.6901;121.0955;98.3623;176.2892;89.562;;;;;
KBPL11;KBPL11C4;289.0161;221.5535;0;0;1922.5994;911.807;75.5622;99.3418;0;44.2349;28.3052;94.6309;20.7531;20.1159;138.193;139.3461;42.7298;119.049;16.7761;12.3786;8.7078;37.0249;296.5688;166.3481;112.3462;36.4114;;;;;
KBPL9;KBPL9C4;336.0695;527.8962;0;0;3016.0545;1190.3639;0;376.2958;0;20.0998;348.9842;882.7359;151.1927;-9999;509.5399;69.8052;58.5828;121.1194;28.7644;103.4265;3.3509;20.1918;410.4101;238.5098;169.7976;42.2257;;;;;
UPL11;UPL11C10;389.2222;0.593;0;12.4794;1845.5968;89.9048;0;7.0539;0;0;139.388;52.1425;19.0832;-9999;-9999;-9999;45.1072;36.4592;1.332;5.3048;3.7982;9.8277;20.2061;14.7648;244.1929;175.2621;;;;;
UPL5;UPL5C1;478.7686;40.9809;637.6776;228.2666;5783.0682;1903.3779;2050.5467;199.7962;0;82.1067;220.6984;163.1033;172.3604;62.7915;228.3017;212.1802;155.4534;365.2553;155.0685;1.1372;6.5874;332.8844;162.0032;68.019;103.5628;28.7254;;;;;
KBPL3;KBPL3C7;507.4763;93.8261;0;0;2906.3434;617.9123;0;0;0;0;131.459;121.127;51.3117;-9999;97.9698;-9999;23.0119;34.9799;9.1681;21.8294;5.1237;7.2344;157.1101;213.8721;54.7422;190.9629;;;;;
NPL6;NPL6C1;535.0525;503.339;224.3654;0;12968.0055;1152.386;329.4629;9.8478;0;33.9089;105.5401;117.0505;-9999;-9999;-9999;147.1376;92.1682;167.7294;41.2802;99.0898;7.0985;52.5039;469.1521;165.2895;333.9673;101.4267;;;;;
KBPL7;KBPL7C4;545.5998;989.7324;2.2138;0;5162.4048;4021.7455;0;244.3857;58.4325;18.6207;108.5629;174.8034;113.7294;40.9867;110.3769;137.4596;52.1163;155.7211;29.5797;0.5296;14.8022;58.6383;230.1618;121.9002;181.7554;32.7177;;;;;
UPL1;UPL1C4;691.1752;0;0;0;8482.6606;235.4182;0;0;0;6.3141;254.13;221.3004;153.751;63.1662;33.9921;31.7655;15.1207;64.0152;10.5987;0.355;0.7603;35.6322;72.6166;61.123;26.1912;7.107;;;;;
NPL11;NPL11C4;779.2327;99.9896;0;0;679.6302;28.0062;0;0;0;0;-9999;-9999;68.8516;2.9002;51.3667;21.0909;9.1559;19.4146;1.4882;13.4183;1.0191;1.9188;92.9087;43.2477;74.557;32.0072;;;;;
UPL1;UPL1C7;807.4008;1.9772;215.2275;31.4373;5576.8697;198.3926;0;0;0;10.7572;235.8873;58.3021;182.1443;-9999;0.848;-9999;3.3842;18.8437;1.3095;0.0194;0.4369;15.6683;67.5702;55.8479;27.8692;26.8375;;;;;
NPL12;NPL12C4;893.1525;99.7313;79.2713;63.8432;410.0938;581.7324;122.1588;0;0;0;-9999;16.1262;35.2905;0.1958;60.2702;91.6658;9.5014;19.8565;3.6719;14.9274;1.5762;1.2633;51.6274;23.2732;31.208;15.3852;;;;;
UPL5;UPL5C7;937.372;0;0;8.2127;5842.3943;305.3398;0;42.564;0;7.9155;70.9554;21.3823;112.1748;4.5441;-9999;11.0644;3.1122;13.8173;0.8634;4.9302;0.928;5.6845;62.644;46.2918;19.1039;21.5127;;;;;
NPL7;NPL7C4;1029.2644;85.8417;0;0;9325.868;391.8596;47.8175;0;26.5601;0;191.2945;93.0725;52.9592;46.1216;65.4157;8.8622;28.7271;63.0217;3.6354;27.4314;23.1598;28.4276;264.7362;215.9247;87.4413;57.2075;;;;;
KBPL5;KBPL5C4;1162.0001;116.9707;211.7321;0;5894.8326;755.6717;179.8461;23.3985;28.5142;0;302.1017;600.0934;157.6993;88.2091;281.9492;196.1218;67.7013;146.1615;32.5223;119.6667;4.8272;24.4401;523.631;281.105;274.2542;34.5535;;;;;
KBPL12;KBPL12C7;1429.3661;0;0;6.3566;1394.3514;32.9158;128.1624;0;0;0;1.9417;78.0588;93.5484;60.2538;92.7065;126.2158;14.1721;15.1751;3.4773;7.6224;4.1433;5.3597;192.7802;102.4723;69.0755;4.1274;;;;;
UPL6;UPL6C1;1431.9757;1101.286;1905.1547;13.3249;3850.3596;2824.8994;1938.3519;294.4998;104.3352;23.0983;199.1844;254.401;74.973;50.5923;275.1537;156.6491;115.6764;261.243;109.6721;0.3217;1.4667;242.0289;204.4623;58.4397;101.4395;27.6218;;;;;
KBPL12;KBPL12C10;1492.865;114.1584;90.7469;24.737;956.3827;0;232.4905;0;0;0;65.1834;-9999;180.3918;-9999;389.2222;0.593;95.4435;57.8544;2.6527;3.8641;9.5921;17.3549;64.7555;25.2684;;8.3156;;;;;
UPL9;UPL9C4;1522.0007;0;44.641;0;3765.064;440.4112;93.1309;62.5568;6.212;0;132.5473;134.9062;52.5113;22.4573;84.2923;103.7215;19.982;56.0719;10.5137;0.5752;1.8167;34.1598;107.8313;32.0805;49.9834;8.6306;;;;;
NPL4;NPL4C4;1586.2902;225.9031;0;0;7668.8229;425.5218;0;0;17.8155;0;168.004;201.7104;58.6877;44.8229;87.4049;-9999;26.9185;59.5266;9.0322;28.1587;14.999;18.5932;221.7632;519.2029;97.6656;561.9516;;;;;
KBPL10;KBPL10C1;1609.3111;322.895;0;0;17946.0017;6878.4158;18805.4491;3434.6514;6.1037;210.8345;233.5409;305.9544;57.5039;108.8533;1317.6116;1172.5964;367.8498;1257.4001;178.4325;1.1838;21.7421;111.4213;353.6331;209.119;232.062;163.0872;;;;;
UPL12;UPL12C1;1666.382;112.3892;0;602.6498;7755.9473;1623.2113;711.5669;0;185.094;2.0204;95.2227;376.7347;178.302;129.6527;418.0173;158.907;96.8395;296.8141;86.5256;1.9615;1.0542;268.155;169.001;64.0384;163.5255;41.4648;;;;;
KBPL7;KBPL7C1;1719.365;419.1016;0;0;21462.1013;8313.3505;1029.1267;2212.2061;140.7722;527.021;154.0149;212.9765;210.1342;63.7283;637.1058;521.4169;330.0557;771.1449;139.3262;0.4971;16.385;42.8052;348.1761;151.7035;187.5086;81.8108;;;;;
NPL9;NPL9C1;1758.2259;3525.1087;402.2772;1834.2398;18727.7164;25031.7199;494.629;1993.436;8.4661;49.9097;309.4748;-9999;98.9393;27.889;329.4433;-9999;113.3817;227.0991;14.2667;137.755;28.0321;72.0788;443.4375;471.9224;238.5342;356.215;;;;;
UPL3;UPL3C1;1916.6284;671.0904;0;0;8222.0571;3551.0047;407.5295;135.0213;0;107.7157;233.7925;372.1438;104.7579;44.1313;495.2685;434.7377;139.7836;421.3733;118.8682;0.5783;23.3175;529.7723;188.1387;62.3585;101.2589;35.6746;;;;;
UPL10;UPL10C1;1930.6645;205.9614;451.7431;59.6931;7100.9939;1515.1523;1078.5858;225.7255;18.0479;26.7151;40.2607;110.8812;142.1371;43.0318;355.3564;221.7835;98.5404;303.0688;86.0135;3.7604;7.108;331.65;204.9976;69.2287;111.6102;29.723;;;;;
UPL8;UPL8C1;2247.1112;150.091;69.8375;102.7509;9127.4854;5261.0438;1716.1704;1764.0032;0;99.9658;180.3622;299.1914;132.8618;91.6604;459.7104;386.7594;146.763;383.4743;58.8486;1.0108;10.8757;259.0127;232.11;125.4756;176.1025;77.4919;;;;;
KBPL6;KBPL6C7;2301.5598;27.8921;0;10.9423;17503.9334;504.3103;0;53.3096;50.8521;7.6126;185.1564;74.9163;69.1519;15.742;49.5677;17.284;13.969;30.9933;3.8476;16.9388;3.1543;3.4553;159.5045;108.5767;62.0588;127.4694;;;;;
UPL7;UPL7C1;2447.1582;374.5555;1544.0234;204.5896;27744.7977;3510.9877;4445.2773;932.3473;193.8989;107.4397;133.192;169.1591;122.0834;63.7024;412.6677;334.3244;151.9885;350.4823;66.8556;0.5195;115.1993;356.5083;146.3314;63.4435;63.6936;22.8512;;;;;
UPL9;UPL9C1;2630.7976;0;0;75.8514;11284.6884;7563.4174;751.799;1793.4307;63.2768;303.5331;224.5099;379.9617;237.5021;83.1224;494.2574;429.888;136.2614;416.0482;65.2303;0.86;5.2184;56.5974;271.0577;92.7401;178.2222;52.5427;;;;;
UPL8;UPL8C4;2663.3337;0;0;42.8687;6671.965;157.7488;0;0;0;13.2029;92.919;61.9443;54.7973;4.4456;63.5273;38.2858;16.1759;35.8894;7.738;0.4823;3.6834;26.4483;80.236;34.9823;77.6467;14.258;;;;;
UPL4;UPL4C1;3191.7939;1378.3604;0;39.7828;11737.202;10191.4037;2762.1342;1372.7501;397.1042;52.5232;176.1632;448.3336;204.296;140.8325;513.6322;217.1757;116.5029;409.5033;132.0241;1.1892;;53.876;131.0447;78.1026;69.7341;41.8546;;;;;
NPL5;NPL5C1.2;3487.5384;0;917.187;287.3626;15214.8172;38.7789;102.9121;0;0;0;98.8095;136.1507;51.3615;30.2338;414.7882;118.7506;49.7848;61.8856;32.721;40.2691;19.8447;23.3527;307.2896;128.8974;184.7831;41.4394;;;;;
NPL7;NPL7C1;3536.4169;1451.3666;34.5944;286.037;7560.2646;3081.8158;306.2798;929.9236;0;42.2203;71.4607;122.68;74.5489;-9999;85.6253;192.8408;165.9227;230.7429;54.0043;118.57;46.5196;104.6544;208.2441;276.0866;157.2464;192.1369;;;;;
NPL5;NPL5C1;3559.8094;0;474.661;133.8399;13017.6384;317.2484;793.1946;0;0;0;124.9681;512.7394;84.1045;24.2421;374.0936;107.8805;60.3879;82.4233;26.8685;42.989;18.2382;24.3035;352.912;131.9397;232.3949;49.0673;;;;;
KBPL8;KBPL8C1;3626.7897;290.1805;725.4251;0;10971.7192;3504.4107;148.8185;179.6958;0;91.0676;348.0512;303.0861;398.6734;63.1154;223.6699;170.9701;163.9733;492.4898;83.8724;69.86;4.2686;61.2931;653.2979;376.5488;394.976;106.9458;;;;;
NPL12;NPL12C1;4002.3118;478.6453;183.4226;461.834;8773.5871;12189.3637;1630.8945;1207.7843;0;13.619;56.5054;44.2645;56.9499;15.8535;230.8599;230.4367;111.6572;175.3145;93.0813;135.6207;2.5149;6.1599;262.2661;133.7885;220.7573;110.482;;;;;
KBPL11;KBPL11C7;4535.2474;131.9835;970.9491;108.8193;3349.5564;230.4283;399.2512;78.5316;34.7948;21.7808;60.3026;18.8971;-9999;-9999;119.7781;111.228;22.6212;99.7597;8.3841;0.7788;7.7935;36.6359;168.0132;109.3775;44.6819;7.8131;;;;;
KBPL6;KBPL6C1;4847.6649;254.2515;162.1473;0;10826.4484;3999.6891;6491.1979;1528.7025;135.2282;111.3838;199.7419;155.2199;209.3874;23.077;570.4568;257.9087;286.153;824.3356;187.7167;2.79;6.4223;48.0005;395.7567;188.4642;249.6677;105.63;;;;;
UPL1;UPL1C1;4855.8415;22.4434;2108.1892;240.7708;10185.9828;1974.1122;1314.9716;674.2081;0;0;297.8494;253.2559;115.1998;112.8566;627.8129;359.5259;183.7129;576.7621;176.9568;0.1673;9.5341;68.9805;245.4362;106.5813;158.3374;69.5505;;;;;
KBPL4;KBPL4C4;5014.9013;0;462.0618;130.7971;3922.7981;899.0268;791.8564;88.7744;0;3.437;388.4387;348.2219;967.4812;33.5587;97.6064;133.3078;48.4935;77.8543;21.9218;73.0293;6.6507;11.6571;494.5764;302.8717;168.2867;47.3004;;;;;
KBPL2;KBPL2C1;5459.4228;8264.5594;884.6797;4393.7659;19410.6236;43515.4647;981.2436;124.3334;0;660.0517;468.0472;868.4423;250.8664;37.2548;457.9486;779.6462;299.4246;1148.261;258.9299;896.5297;22.6782;52.8742;804.2219;304.6601;575.5516;164.749;;;;;
NPL8;NPL8C1;6395.8208;330.671;724.1664;0;22705.3926;1292.8935;1276.0557;125.9266;26.7924;1.5026;208.7776;92.1661;20.5472;-9999;291.5401;153.7509;318.6687;174.1577;88.071;26.8701;215.3535;103.3;305.9312;108.5492;154.0855;41.8727;;;;;
KBPL11;KBPL11C1;6709.9405;1119.7873;360.925;0;25653.386;6083.4298;2452.1231;1599.454;128.2265;157.9958;130.3183;620.8406;148.3416;8.9627;720.2337;626.8415;244.248;1033.3164;152.5681;8.4516;9.5034;70.5941;366.4593;255.1127;258.4554;152.6212;;;;;
NPL4;NPL4C1;7027.9046;668.6211;731.5123;222.6229;17047.7038;343.4392;856.8121;174.5669;0;78.1224;214.752;115.9263;56.1611;-9999;107.5672;49.5264;106.5139;95.537;59.5196;77.9435;19.2152;31.6696;264.072;163.4912;260.0493;139.4533;;;;;
NPL10;NPL10C1;7528.8365;1455.4363;1210.266;364.1218;10246.7612;7054.7193;1022.0244;494.5837;0;2.8468;9.4387;279.5628;81.6668;-9999;487.3798;347.8351;92.7165;214.0342;78.134;122.2237;4.4514;14.5298;244.1819;186.1783;226.8394;173.0639;;;;;
UPL5;UPL5C4;7845.9344;0;0;21.7135;15416.0615;278.4268;2354.4367;65.691;6.1539;8.3981;154.2139;126.2858;128.9983;32.4724;33.1309;19.1487;15.7613;65.0208;11.5003;;2.3817;28.3872;77.8648;47.303;37.7673;7.9877;;;;;
KBPL4;KBPL4C1;8153.531;1435.2028;1333.7794;263.4921;15701.6525;7549.8146;3371.0313;1567.5822;30.7621;140.7302;527.7959;296.3404;154.9253;56.5293;491.4343;404.3032;250.1511;388.4625;181.6511;355.1071;9.2315;9.8122;746.6525;286.7986;464.9771;131.5139;;;;;
NPL1;NPL1C1;8531.6456;358.6741;826.7023;77.845;21223.9103;3024.2063;2235.5531;454.5364;0;36.2622;190.0495;137.4948;91.3689;1.3575;189.4423;141.7261;268.7942;310.898;66.3697;180.8671;24.1995;194.3785;560.4285;320.3352;387.2141;176.1331;;;;;
KBPL3;KBPL3C1;8662.7964;1003.6705;683.7181;0;35988.4982;2521.4016;3176.465;650.4067;99.1513;19.3739;279.6275;411.2387;152.1087;31.8225;483.5175;644.8195;476.9883;62.0692;244.4451;581.5668;22.6066;62.0692;593.3331;432.8425;367.066;267.2273;;;;;
KBPL12;KBPL12C1;9751.5033;843.1704;2827.9451;0;13732.8953;8247.5848;1857.1459;208.1036;18.8767;30.5198;327.1023;22.1214;138.729;14.2466;668.0144;229.4759;277.0947;130.646;167.9018;98.5691;6.4463;18.3625;517.7117;205.3388;375.0539;219.8196;;;;;
KBPL5;KBPL5C1;12720.9679;1693.5451;4070.2691;286.3836;16432.7071;3538.232;3981.5767;480.2318;43.7656;43.6807;420.8011;954.6866;312.0194;137.959;590.0874;495.1368;222.9374;679.9778;158.7529;320.2324;8.5465;91.9537;709.864;287.4918;434.0416;90.1545;;;;;
KBPL9;KBPL9C1;13331.9015;0;6460.8113;942.9156;17841.8405;18343.3718;0;2495.5943;36.5161;316.8442;293.1009;968.2087;236.6268;99.4271;844.202;-9999;174.6822;735.8907;113.3581;552.3305;8.7225;62.9017;546.5695;777.5859;358.2304;737.4644;;;;;
KBPL1;KBPL1C1;19292.4165;6195.7684;3807.0174;1058.1053;15110.5205;4190.9479;3613.2089;864.6765;12.3213;42.0965;668.457;305.2855;347.8853;86.7221;165.1243;201.944;169.6746;436.0449;134.2192;415.5615;8.1225;48.1218;727.75;253.551;447.9343;106.5093;;;;;
NPL11;NPL11C1;45691.9204;1924.3528;12684.4289;58.5461;30908.1939;6053.6898;10888.0913;681.9559;0;0;0.8744;48.907;-9999;-9999;546.9514;260.4386;277.5468;333.2496;135.2845;336.813;5.8671;24.6885;626.0833;304.6091;897.2638;275.984;;;;;
